2b000000002a000000ae85d6635e9ae539d0846b911ec86a27fe000f619b
78bcac8a74b77e36f6dbcf016af0ea4ced28a7b06f7156c3b0f9d725187e
fa1932f812abd17fe66cc1553a8f0200000014dc5ba9bd5319889352dc11
c963d93da638571aabd81da5e291b1a10fb3a1dc59147b8f298cd80d0086
7008bbd7c8562e9e59a7899978739e9d6d29e077197507008435e4327dce
719d22f4e4c22bed58e5046a795e5e1f8f3f7adbb4e01da738f7b1469085
e338699037dc8b65dfbcb396e8fdb1c5a76e3e66648768719b0a95439639
74051f20a5e61590da566bc54261507ec55fcd86d7c0bfe3f2358526caf4
ddcd772fbba54834babdde66e3cbee23ec013be36316dd452b3e55aec30c
12692800000001f5983aaa6fe1e7428902ace29d14be81a664a65f6dfca1
138ccb99136547324e00392b5427f18e147f7623e0d94a868f18ae66bfb7
d95f93e8d10d71ad40ca1aef0a000001c1060000aa91cc8f12718154be44
63fba4f06bf45fb89187f6767084925e2ca091e2d4b6d550b4288c20f8b0
0057121e74c978c9216cfcff6c69dcc65a22e9c0ca2a6e20a08601000000
0000001413105b532e72300d3e5f94fa6467ecb274f0f45f000000000001
f5983aaa6fe1e7428902ace29d14be81a664a65f6dfca1138ccb99136547
324e01f5983aaa6fe1e7428902ace29d14be81a664a65f6dfca1138ccb99
136547324e0200000088a967ace3929d8b01e8993ad55e3254dacb438dc9
de6df1c1d9732643da866f0285f6741b31de2c824028cfcea09335554ec6
d59fb68a176df96eb2a5b1d8310600a4750f1bd13c3b2827c80d079cd80b
f2d0f6933467062c80e7ccb74ef58b58f9d5fab3b772854130b7eb90d43d
551d6e2b4a938620aa4bcec9a3eb48043119271291457aedb3f0dfb068dc
df4a8a59ec1459931cade168f5971e20198695c1f4d3b6f4209798b76199
90964914908e9c933365281e236152d2902df89fd3b1e828000000011817
6cfbff4a8b40f2d9cba3c2ddc4a5b75e9152c8c41452cda90bebc0632013
016e488790b201af0e7b426a3a970d06b7d05050ce4f608c9127d27bdf32
94d9930a000001c1060000aa91cc8f12718154be4463fba4f06bf45fb891
87f6767084925e2ca091e2d4b6eee9294bb414759ddfe7731e6ff76fec82
d8c2c00ab0d52399604ef0b8c698b3a086010000000000000dec2cb6003a
4d3d460b8e42ec4800000000000118176cfbff4a8b40f2d9cba3c2ddc4a5
b75e9152c8c41452cda90bebc06320130118176cfbff4a8b40f2d9cba3c2
ddc4a5b75e9152c8c41452cda90bebc063201300000000db7343025515f5
f740eb8452f053271cf237093686dd5ad55e14aeb807ee0a1e5af37df4b7
827978f4ca08dceb4dbc36f1336cfa9fa4ab2664d11f4af06f405b030056
d9153b82e6d4ed4d5622dbc39cbbcddb5ccca1c6ffc07649acf89c14e616
64939f0d1b9b447e342a8521893921e11f61bec162c3d4301ec85f9a00df
c4125a1cd19794124afcbb9a20800b28326eaa463401f75dab37db041f90
00e460a22dbab5dcbbeef9f56d05ff14d62bba2988b77e1ba8d71953ee72
d77891b755d76c2800000001a7a66c1635f45e0413cec365f60fb46fa048
9c4d2df75f6fd9c00d1da372922200eefd84c154d6781c5c315084aa52ff
f4bf7b606be7f830867bc94a4797078d0d0a000001c1060000aa91cc8f12
718154be4463fba4f06bf45fb89187f6767084925e2ca091e2d4b692d8ad
bfc61de350cdd8c7893859f6cb031954ca1b85cf41b91ef29a4e1b58dda0
8601000000000000167590395cb74faf4702139b782f1b9329885a772b2f
ce000000000001a7a66c1635f45e0413cec365f60fb46fa0489c4d2df75f
6fd9c00d1da372922201a7a66c1635f45e0413cec365f60fb46fa0489c4d
2df75f6fd9c00d1da3729222040000000687719ec670f6ae21117366e326
4247a5d2bf472016bc567694c75d9f92f0023d040ce4f1d82123aba3a8e2
fbd7dc6b142a9a943e8ade63719a28657dd511ce0600c56b6e120e0b45f3
e67d79ec1214c30954e7de32538aa179606b515ef5d4eaa3ee58eed4bf62
7413f37342d153611b171e548e61dea9ab09b935c42f368c292e10df3b0a
96d7dfe4a6ab83216cb60f610c2e77a428c52e14403d4f941947f9a61cdd
c2a6a3e3b179ef9b8652a5904bcbcfbaa52f4fb71790b72677e48b807d83
280000000138b7a75bd6d296f01fc6b4b6569c38980af6ba2ea34e22d429
cccfb6f5b7432a011d1e017ff88a3887a9f08f8405ba2f774ca73d71b45a
592faee9b852e26bf45f0a000001c1060000aa91cc8f12718154be4463fb
a4f06bf45fb89187f6767084925e2ca091e2d4b6cfcd32108073504a4c66
4b876577ed5fd6a58244db338bc1fb8b9f7a07e2e583a086010000000000
000382aa3600000000000138b7a75bd6d296f01fc6b4b6569c38980af6ba
2ea34e22d429cccfb6f5b7432a0138b7a75bd6d296f01fc6b4b6569c3898
0af6ba2ea34e22d429cccfb6f5b7432a08000000f4079ec7c92a0bb41a97
5df5505b33ee3502d0d43f9dcad21970172307fe3c5d5c9c21e0879c4d99
baf3400657add9ad0bf7b3d86025a269cd7cf656130eaa31050064c0f613
0975264300d1dcfeef9d1d0ce7cb673a8d8f0f83b83cebd9555f1c677cec
854d3ac7106c88eca4219d6b60979127b63c655fa375641ecbb1f40cf57f
d648354ae6de64938c42effd7aa7c74a31f39265361f68451b4bd9621e13
342d04b87e6fb9d2c0aeec8919809cb7c7c9c68197ad161d8396b6fe5909
ef73c011280000000117e5809e4d5e9daf50361fb6557a00814301159fc8
1a39cd4d2687e110e0b7be007865361073b31347cb9b53f12800084563f1
34c97990a3a16d365640211b58fb0a000001c1060000aa91cc8f12718154
be4463fba4f06bf45fb89187f6767084925e2ca091e2d4b61c48d58df381
66afd30f8123173c0e62192a1cb4f3820a73e2d39e3024622c47a0860100
00000000000f6ec3712f0d991a2b3bd1b0482e376a00000000000117e580
9e4d5e9daf50361fb6557a00814301159fc81a39cd4d2687e110e0b7be01
17e5809e4d5e9daf50361fb6557a00814301159fc81a39cd4d2687e110e0
b7be09000000eb7158df0849b96baf28ca61ec6e48c2b4560f6ae965d1f4
e11f05ce8c2e42831956c6f2986ecd45a534dc8e1394979566b5971d9b89
5670b30dab6d2e95dc2104000bbf68da46ae4a4d7cf81ed14859752f28f9
113c8394d9797e7ed119f4fe4971cdb6c9ef39cfa38fd97eccbbb84f4d23
5a375f349e4f67d4cb2b19a5e54844d02bb46e4f34a15b861eb311b5dfbc
458b4c203630d483d7a50b7b2365d99cf5fd621153234ebdefd2fbc59ab7
144d8e10ffc39ab2ba169a8572652d277c9a171b280000000136a748779d
b31316ac26eebc08dadbeda8a8d4794892f6e340e32ab69e0d4d8001ef32
090fcef161996cb9ff3d4fd4aaccef08fbf8cfedcd4728a7b7927e76ad2c
0a000001c1060000aa91cc8f12718154be4463fba4f06bf45fb89187f676
7084925e2ca091e2d4b6487cbf655111d7b4476598cbd474bac56fafbf52
ca9cc8eebba753b32e8846b7a0860100000000000004033fde3d00000000
000136a748779db31316ac26eebc08dadbeda8a8d4794892f6e340e32ab6
9e0d4d800136a748779db31316ac26eebc08dadbeda8a8d4794892f6e340
e32ab69e0d4d80090000009cc608578f92d440e1c11dbcc5af07ee25aba7
42f8788317108ba3dce2f26543f50c02f87ec50cec00c10eeefe071eeb7e
623446e7030add118c6c592618b1650700926e15a4c487b4571bef5dc984
98a1b1ce7472862945984013e46d003e15de3b8258273eed954fe03da306
e2bac3bde66250fe3dac8d8471e94d8c2fb95950228d6899f7eb78610fa3
a40a011a325582369e20c87de707567f93d6a0a3ecb5d74cbb258e187f5e
cb7ccdcb5f15c44e3163b55e4e4eb5f2af99358b202b9db31c2800000001
d3d0ac423a2e9451db2e88bd75cc143b19424747fbcf2696792987436e87
22a600fdfe51dc958e91de500cec6d90503e0f898cfdbbc95a9345277f93
68ea4b4aee0a000001c1060000aa91cc8f12718154be4463fba4f06bf45f
b89187f6767084925e2ca091e2d4b6eb2579a6a43ec9cf3ef30059f68ba4
691c2c996e32411f35bc8630f89dfa5b86a086010000000000001d7c2f1b
f3a8e1550edddc5cc603f68b0c560cb144bc8a157f22c9ef67d800000000
000000000001774935b629cc42513a66c8ed1a09f88b00fe35689032bafd
5a26d52f464c480802000000c465be0ceaab462f9cee9ab8fc4127cad46c
040ef1c9d247e46027ba23362f6ae1bb8e99a1c4ddfa1bcb1b7568f97bf1
332aae2d5775a4f7502dc441ff98935e040016cb674febfdfa48b7d52b7f
fad5e80611be837ca8e5df9aff162df5a9d08ae144862ced1f4617b2661f
6ad6e5401c8534f0ba2e8b183d487f11f2925f37ec88036129985e01a4a2
d5bf15d812e0648a3f281eb7c0c9b0e4be06cdbf9c07d8243bfe97e04da4
5752d818f3fbc59059e49b6106bdd723067ab4b7a41e6219007f28000000
01d54f425784ed0e9dfc311eb56a162711e68d0b21b5e87fb701b4f1c578
a0265100ddd61398037e2d0ea720ed134a5955853bfa7d4ae78fea649908
4e3db4e491180a000001c1060000aa91cc8f12718154be4463fba4f06bf4
5fb89187f6767084925e2ca091e2d4b69a00110a56ecaf8954ecc77d1707
6b4260ffd6844e83b2f35ee42aa17effc89ea086010000000000000f4e7d
087383aadf7301a9a6ebff2d02000000000001d54f425784ed0e9dfc311e
b56a162711e68d0b21b5e87fb701b4f1c578a0265101d54f425784ed0e9d
fc311eb56a162711e68d0b21b5e87fb701b4f1c578a0265103000000237c
8988dd49f8f83c7284bc2b14925e801f73a099be84044d6837165a2bb386
7b6ef6a7f2acbcf5519b146c6b80ca97a156d56a88df9705e764909b2a38
bdf2010033926f279dad41c596e17ea3e5973c23e15c2030f95825a50d8e
c2a41f0bcbaebf45720986a0e0f9455972d951ccada04ea496fc2dfac0da
9a4da4b5c8a0cde2bdb9486a4e898fd94a22801c2644a1c0ff38e391c200
59f50506de3c9f24ccdef22a637ce7f290182f6616c5406179b4e6009018
aec70a4e38670d42809a39c428000000016af0ea4ced28a7b06f7156c3b0
f9d725187efa1932f812abd17fe66cc1553a8f0130462b1e02ed2d1d536e
4250d7412fe0168d9df8aa2467708c36053afbe99e6f0a000001c1060000
aa91cc8f12718154be4463fba4f06bf45fb89187f6767084925e2ca091e2
d4b6f544ac85166b6c54c757226eab7fd7b264e6893312c043ea29d02a7a
e77b38e3a0860100000000000001c00000000000016af0ea4ced28a7b06f
7156c3b0f9d725187efa1932f812abd17fe66cc1553a8f00000000000000
0000000001d3d0ac423a2e9451db2e88bd75cc143b19424747fbcf269679
2987436e8722a60000000000000000000000000000000000000000000001
c106000000aa91cc8f12718154be4463fba4f06bf45fb89187f676708492
5e2ca091e2d4b6be120200000000000a000000000000000a000000000000
00a68b000000000000000000000000000002000000000000000000000000
0000000001aa91cc8f12718154be4463fba4f06bf45fb89187f676708492
5e2ca091e2d4b6c0558b47000c746573742d7365727669636506302e312e
32350a4170616368652d322e30012550617269747920546563686e6f6c6f
67696573203c61646d696e407061726974792e696f3e981c001400000200
0020004b598638d6c56d3420286279746573208080808080808080210b59
c84216b2009200ffff9400ffff9400ffff9400ffff9400ffff9400ffff94
00ffff9400ffff9400ffff9e00ffff9800ffff9400ffff9400ffff9c00ff
ff9400ffff9400ffff9400ffff9400ffff9400ffff9400ffff9400ffff94
00ffff9400ffff9400ffff9400ffff9400ffff9400ffff9400ffff9400ff
ff9400ffff9400ffff9400ffff9400ffff9400ffffa000ffff9400ffff94
00ffff9400ffff9400ffff9a00ffff63616c6c65642060526573756c743a
3a756e77726170282960206f6e20616e2060457272602076616c75652f6d
6e742f7373642f646576656c6f702f6a616d2f706f6c6b616a616d2f6372
617465732f6a616d2d70766d2d636f6d6d6f6e2f7372632f6d656d2e7273
2f686f6d652f64617678792f2e7275737475702f746f6f6c636861696e73
2f6e696768746c792d323032352d30352d31302d7838365f36342d756e6b
6e6f776e2d6c696e75782d676e752f6c69622f727573746c69622f737263
2f727573742f6c6962726172792f616c6c6f632f7372632f736c6963652e
72734f75744f66426f756e6473496e646578556e6b6e6f776e53746f7261
676546756c6c426164436f72654e6f436173684761734c696d6974546f6f
4c6f77416374696f6e496e76616c69645468697320697320526566696e65
20696e207468652054657374205365727669636520682077697468207061
796c6f6164206c656e2048656c6c6f205468697320697320416363756d75
6c61746520696e2074686520546573742053657276696365206820776974
6820206974656d73203c3d206c61737462616c616e6365206c6f77736572
76696365732f746573742d736572766963652f7372632f6c69622e727354
72616e73666572206174202066726f6d206820746f2068206f6620206d65
6d6f206c61737474780b000000000000000c000000000000000b00000000
000000070000000000000006000000000000000e000000000000000d0000
0000000000b3feffffbefeffffcafeffffd5feffffdcfeffffe2fefffff0
feffff6361706163697479206f766572666c6f772f686f6d652f64617678
792f2e7275737475702f746f6f6c636861696e732f6e696768746c792d32
3032352d30352d31302d7838365f36342d756e6b6e6f776e2d6c696e7578
2d676e752f6c69622f727573746c69622f7372632f727573742f6c696272
6172792f616c6c6f632f7372632f7261775f7665632f6d6f642e72732f68
6f6d652f64617678792f2e7275737475702f746f6f6c636861696e732f6e
696768746c792d323032352d30352d31302d7838365f36342d756e6b6e6f
776e2d6c696e75782d676e752f6c69622f727573746c69622f7372632f72
7573742f6c6962726172792f616c6c6f632f7372632f616c6c6f632e7273
6d656d6f727920616c6c6f636174696f6e206f6620206279746573206661
696c65642f686f6d652f64617678792f2e7275737475702f746f6f6c6368
61696e732f6e696768746c792d323032352d30352d31302d7838365f3634
2d756e6b6e6f776e2d6c696e75782d676e752f6c69622f727573746c6962
2f7372632f727573742f6c6962726172792f616c6c6f632f7372632f7374
72696e672e72736120666f726d617474696e6720747261697420696d706c
656d656e746174696f6e2072657475726e656420616e206572726f722077
68656e2074686520756e6465726c79696e672073747265616d2064696420
6e6f742f686f6d652f64617678792f2e7275737475702f746f6f6c636861
696e732f6e696768746c792d323032352d30352d31302d7838365f36342d
756e6b6e6f776e2d6c696e75782d676e752f6c69622f727573746c69622f
7372632f727573742f6c6962726172792f616c6c6f632f7372632f666d74
2e727300700007002d0101010201020101480b3015100165070206020201
0423011e1b5b0b3a09090118040109010301052b033b092a180120370101
010408040103070a021d013a0101010204080109010a021a010202390104
020402020303011e0203010b0239010405010204011402160601013a0101
020104080107030a021e013b0101010c0109012801030137010103050301
0407020b021d013a01020201010303010407020b021c0239020101020408
0109010a021d0148010401020301010801510102070c08620102090b0749
021b0101010101370e01050102050b012409016604010601020202190204
0310040d01020206010f01000300041c031d021e02400201070801020b09
012d030101750222017603040209010603db0202013a0101070101010102
08060a0201301f3104300a040326090c0220040206380101020301010538
0802029803010d0107040106010302c6400001c32100038d016020000669
020004010a200250020001030104011902050197021a120d012608190b01
012c03300102040202020124014306020202020c0108012f013301010302
02050201012a020801ee010201040100010010101000020001e201950500
030102050428030401a5020004410500024f04460b31047b01360f290102
020a033104020207013d03240501083e010c0234090101080402015f0302
04060102019d01030815023902010101010c0109010e0703054301020601
0102010103040301010e0255080203010117015101020601010201010201
02eb010204060201021b025508020101026a010101020865010101020401
0500090102f5010a040401900402020401200a280602040801090602032e
0d010200070106010152160207010201027a060301010201070101480203
01010100020b023405050317010001060f000c030300053b0700013f0451
010b020002002e021700050306080802071e0494030037043208010e0116
05010f000701110207010201056401a00700013d040004fe0200076d0700
6080f0002e2e000000000029207768656e20736c6963696e67206072616e
676520656e6420696e646578200100000000000000000000000000000030
3132333435363738396162636465663a63616c6c656420604f7074696f6e
3a3a756e77726170282960206f6e206120604e6f6e65602076616c756570
616e69636b6564206174203a0a3a20303030313032303330343035303630
373038303931303131313231333134313531363137313831393230323132
323233323432353236323732383239333033313332333333343335333633
373338333934303431343234333434343534363437343834393530353135
323533353435353536353735383539363036313632363336343635363636
373638363937303731373237333734373537363737373837393830383138
323833383438353836383738383839393039313932393339343935393639
37393839392f686f6d652f64617678792f2e7275737475702f746f6f6c63
6861696e732f6e696768746c792d323032352d30352d31302d7838365f36
342d756e6b6e6f776e2d6c696e75782d676e752f6c69622f727573746c69
622f7372632f727573742f6c6962726172792f636f72652f7372632f666d
742f6d6f642e72732f686f6d652f64617678792f2e7275737475702f746f
6f6c636861696e732f6e696768746c792d323032352d30352d31302d7838
365f36342d756e6b6e6f776e2d6c696e75782d676e752f6c69622f727573
746c69622f7372632f727573742f6c6962726172792f636f72652f737263
2f7374722f6d6f642e727301010101010101010101010101010101010101
010101010101010101010101010101010101010101010101010101010101
010101010101010101010101010101010101010101010101010101010101
010101010101010101010101010101010101010101010101010101010101
010101010101010101010101010101010101010000000000000000000000
000000000000000000000000000000000000000000000000000000000000
000000000000000000000000000000000000000000000000000202020202
020202020202020202020202020202020202020202020202020303030303
0303030303030303030303040404040400000000000000000000005b2e2e
2e5d626567696e203c3d20656e642028606279746520696e646578202069
73206e6f742061206368617220626f756e646172793b2069742069732069
6e736964652029206f662060206973206f7574206f6620626f756e647320
6f6620602f686f6d652f64617678792f2e7275737475702f746f6f6c6368
61696e732f6e696768746c792d323032352d30352d31302d7838365f3634
2d756e6b6e6f776e2d6c696e75782d676e752f6c69622f727573746c6962
2f7372632f727573742f6c6962726172792f636f72652f7372632f756e69
636f64652f7072696e7461626c652e727300060101030104020507070208
0809020a050b020e04100111021205131c140115021702190d1c051d081f
0124016a046b02af03b102bc02cf02d102d40cd509d602d702da01e005e1
02e704e802ee20f004f802fa04fb010c273b3e4e4f8f9e9e9f7b8b9396a2
b2ba86b1060709363d3e56f3d0d1041418363756577faaaeafbd35e01287
898e9e040d0e11122931343a4546494a4e4f64658a8c8d8fb6c1c3c4c6cb
d65cb6b71b1c07080a0b141736393aa8a9d8d909379091a8070a3b3e6669
8f92116f5fbfeeef5a62f4fcff53549a9b2e2f2728559da0a1a3a4a7a8ad
babcc4060b0c151d3a3f4551a6a7cccda007191a22253e3fe7ecefffc5c6
04202325262833383a484a4c50535556585a5c5e606365666b73787d7f8a
a4aaafb0c0d0aeaf6e6fddde935e227b0503042d036603012f2e80821d03
310f1c0424091e052b0544040e2a80aa06240424042808340b4e03340c81
3709160a08183b45390363080930160521031b05014038044b052f040a07
0907402027040c0936033a051a07040c07504937330d33072e080a062603
1d080280d0521003372c082a161a261c1417094e042409440d19070a0648
082709750b423e2a063b050a06510601051003050b5908021d621e48080a
80a65e22450b0a060d133a060a06141c2c041780b93c64530c48090a4645
1b4808530d49070a80b6220e0a06460a1d03474937030e080a0639070a81
3619073b031d55010f320d839b66750b80c48a4c630d843010160a8f9b05
82479ab93a86c68239072a045c06260a460a28051381b03a80c65b654b04
39071140050b020e97f80884d6290aa2e781330f011d060e0408818c8904
6b050d030907108f6080fa0681b44c4709743c80f60a73087015467a140c
140c570919808781470385420f1584501f060680d52b053e2101702d031a
040281401f113a050181d02a80d62b040181e080f7294c040a0402831144
4c3d80c23c06010455051b3402810e2c04640c560a80ae381d0d2c040907
020e06809a83d80411030d0377045f060c04010f0c0438080a0628082c04
023e81540c1d030a0538071c06090780fa84060001030505060602070608
0709110a1c0b190c1a0d100e0c0f0410031212130916011704180119031a
071b011c021f1620032b032d0b2e01300431023201a704a902aa04ab08fa
02fb05fd02fe03ff09ad78798b8da23057588b8c901cdd0e0f4b4cfbfc2e
2f3f5c5d5fe2848d8e9192a9b1babbc5c6c9cadee4e5ff00041112293134
373a3b3d494a5d848e92a9b1b4babbc6cacecfe4e500040d0e1112293134
3a3b4546494a5e646584919b9dc9cecf0d11293a3b4549575b5c5e5f6465
8d91a9b4babbc5c9dfe4e5f00d11454964658084b2bcbebfd5d7f0f18385
8ba4a6bebfc5c7cfdadb4898bdcdc6cecf494e4f57595e5f898e8fb1b6b7
bfc1c6c7d71116175b5cf6f7feff806d71dedf0e1f6e6f1c1d5f7d7eaeaf
4dbbbc16171e1f46474e4f585a5c5e7e7fb5c5d4d5dcf0f1f572738f7475
96262e2fa7afb7bfc7cfd7df9a00409798308f1fcecfd2d4ceff4e4f5a5b
07080f10272feeef6e6f373d3f42459091536775c8c9d0d1d8d9e7feff00
205f2282df048244081b04061181ac0e80ab051f08811c03190801042f04
3404070301070607110a500f1207550703041c0a09030803070302030303
0c0405030b06010e15054e071b0757070206170c500443032d0301041106
0f0c3a041d255f206d046a2580c80582b0031a0682fd0359071609180914
0c140c6a060a061a0659072b05460a2c040c040103310b2c041a060b0380
ac060a062f3180f4083c030f033e0538082b0582ff1118082f112d03210f
210f808c04829a160b158894052f053b07020e180980be22740c80d61a81
100580e109f29e033709815c1480b80880dd153b030a06380846080c0674
0b1e035a0459098083181c0a16094c04808a06aba40c170431a10481da26
070c050580a61081f50701202a064c04808d0480be031b030f0d206f7574
206f662072616e676520666f7220736c696365206f66206c656e67746820
736c69636520696e64657820737461727473206174202062757420656e64
732061742000000003000083042000910560005d13a0001217201f0c2060
1fef2c202b2a30a02b6fa6602c02a8e02c1efbe02d00fe20369eff6036fd
01e136010a2137240de137ab0e61392f18e139301ce14af31ee14e4034a1
521e61e153f06a61544f6fe1549dbc615500cf615665d1a15600da215700
e0a158aee2215aece4e15bd0e8615c2000ee5cf0017f5d2f686f6d652f64
617678792f2e636172676f2f72656769737472792f7372632f696e646578
2e6372617465732e696f2d313934396366386336623562353537662f6a61
6d2d636f6465632d302e312e312f7372632f636f6465632e72734572726f
722f686f6d652f64617678792f2e636172676f2f72656769737472792f73
72632f696e6465782e6372617465732e696f2d3139343963663863366235
62353537662f6a616d2d636f6465632d302e312e312f7372632f636f6d70
6163742e72736372617465732f6a616d2d70766d2d636f6d6d6f6e2f7372
632f686f73745f63616c6c732e7273686f73742063616c6c207265747572
6e7320636f727265637420747970653b207165646974656d206d75737420
626520617661696c61626c653b2071656450616e69632068616e646c6572
2063616c6c65642150616e6963206d6573736167653a2050726f746f636f
6c20706172616d65746572732061726520696e76616c6964637261746573
2f6a616d2d70766d2d636f6d6d6f6e2f7372632f737461727475702e7273
756e6b6e6f776e206572726f7220636f64653a206372617465732f6a616d
2d70766d2d636f6d6d6f6e2f7372632f726573756c742e72734f7572206f
776e2041504920696d706c2068617320726573756c74656420696e207375
63636573732076616c7565207768696368206973206f7574206f66207261
6e67652e6062617369635f70696563655f6c656e60206973206e6f742065
76656e6062617369635f70696563655f6c656e6020646f6573206e6f7420
64697669646520696e746f20605345474d454e545f4c454e602028342c31
30342960726f746174696f6e5f706572696f646020646f6573206e6f7420
64697669646520696e746f206065706f63685f706572696f64606076616c
5f636f756e746020646f6573206e6f742064697669646520627920605641
4c535f5045525f434f5245602028332960726563656e745f626c6f636b5f
636f756e7460206d6179206265206e6f206c6172676572207468616e2060
426c6f636b496e6465783a3a4d415860202832353529607472616e736665
725f6d656d6f5f73697a6560206d75737420626520657175616c20746f72
20604d454d4f5f4c454e602028313238296076616c5f636f756e7420213d
20636f72655f636f756e74202a2056414c535f5045525f434f5245602028
33296065706f63685f7461696c5f737461727460206d757374206265206c
657373207468616e206065706f63685f706572696f64602e2e2e00000002
000000000000000000000000000000000002000000000000000000000000
000000000000000000200000e90000000022307800000000000000000000
000000000000000000000001000000000000007200000000000000eb0001
00000000003e00000000000000200000000900000029010100000000007a
00000000000000da0200001a000000ed0101000000000023000000000000
001002010000000000130000000000000029020100000000002700000000
000000500201000000000007000000000000005702010000000000060000
00000000000000000000000000010000000000000001000000000000000a
000000000000007002010000000000200000000000000020000000400000
0090020100000000000c000000000000009c020100000000000600000000
000000a2020100000000000500000000000000a702010000000000050000
0000000000ac020100000000000600000000000000700201000000000020
000000000000002800000048000000740000000000000018000000000000
00080000000000000078000000000000007e000000000000008200000000
0000000c0301000000000011000000000000001d03010000000000800000
00000000002e02000011000000170401000000000015000000000000002c
040100000000000d000000000000009d030100000000007a000000000000
00b50100000d00000039040100000000007b00000000000000e801000017
000000000000000000000000000000000000000100000000000000720000
00000000000a0501000000000078000000000000008a0200000e00000001
000000000000000000000000000000b80801000000000001000000000000
00b808010000000000010000000000000001000000000000000000000000
000000f2080100000000000200000000000000bc090100000000007b0000
0000000000990a000026000000bc090100000000007b00000000000000a2
0a00001a000000b70b0100000000000e000000000000005d020100000000
00040000000000000078080100000000001000000000000000c50b010000
0000000100000000000000c60b0100000000000b00000000000000d10b01
0000000000260000000000000008000100000000000800000000000000f7
0b0100000000000600000000000000c50b01000000000001000000000000
00c60b0100000000000b00000000000000fd0b0100000000001600000000
000000c50b0100000000000100000000000000370a0100000000007b0000
00000000009e0100002c000000130c01000000000085000000000000000a
0000002b000000130c01000000000085000000000000001a000000360000
008808010000000000100000000000000041120100000000002200000000
0000006312010000000000160000000000000079120100000000000d0000
000000000000000000000000000801000000000000080000000000000006
010000000000001601000000000000180100000000000072130100000000
005f000000000000002c0100003d00000010130100000000005d00000000
0000006f0400000f00000010130100000000005d00000000000000a20400
0010000000d1130100000000002700000000000000c20000001c00000000
000000000000000000000000000000010000000000000072000000000000
00d1130100000000002700000000000000ca0000002e000000d113010000
0000002700000000000000d40000002e000000d113010000000000270000
00000000000e0100002b0000000000000000000000100000000000000008
000000000000001e01000000000000791401000000000024000000000000
0004000000140000009d140100000000001400000000000000b114010000
00000023000000000000002100000012000000d414010000000000450000
0000000000b1140100000000002300000000000000560000000d000000e8
160100000000000100000000000000e81601000000000001000000000000
00e9160100000000000200000000000000b2160100000000000300000000
0000000000000000000000000000000000000008000000526e000080a402
c0e7602d00bf002d0160016d01af01a702de02ed02fe025b03aa031404a9
04c104f9047005b805dc052906c306e006f406080774078f07ca07e8071b
084a19bc19351a631cb11c4f1dc11d2b1e881e011f771fca1fe91f2e204c
2048219621f1215722b0225723a123f024822586267c27a427e927fb273e
2852287c28a128a8280629a229ac29c429cd2a382bf72b242c5a2cb22cde
2cf72c312d7e2d283041306f303731bb313332a632b63209332d33353465
34793492343f354535533559355f351b36003a013ab43cd93cff3c163d43
3d633d713d9f3dff3d5e3e8b3ebf3e5d3f6f3f76408440d44007416441d0
415c42df426943a743d9432a44a44419457245d24543478747eb472b483c
487148c148ed4825493649f449204a604bea4c164de64d814e9b4ebb4e82
4f954fe34f6650e35006516151a551f75101520d523a548857015b175b1f
5b289601000028a5069511e07b10187b15107b1608648582980864765108
1582971051074e82976459501002e459289d003307011408e0ffffff1f00
0000ac584233091800037b19959848278488fc013e040000039774209944
208189d449047a843a040000038499ff005209e528433307011408e0ffff
ff1f000000ae58073307284933091800037b19959848278488fc013e0400
00039774209944208189d449047a843a040000038499ff005209e595571f
9877058377330850100421548219959800204628480701887801330901db
77097b687b69087b651082101882151082160895112032009511b87b1040
7b15387b1630c88909ac895064758277330808977a01e48908e4a8065706
3d5107108258087b18187b1728330701017b172064179519186468501006
e0fe82175207238217087b567b5708821040821538821630951148320033
073309701801285d248217088218103309701801284f24827a0882791064
8764a828572c7c793302b80201330bf002018287828808979c03979a02c8
2c0c82c9c8ba0a81aa828c18c8ab08320c951130ff7b10c8007b15c0007b
16b8006486647550100c5448976720987720510768021408ffffffff0000
0000d258087c89957bff9585017b15487b1b5051090201330aff00aba959
5317093e027c89027c8a037c8b047c8c0197990897aa1097bb18d4c9097c
8c057c8606d4ba0a7c8b077c8508976608d46c0c97bb10975518d45b0b95
76f7958809d4a909d4cb0b97b720d497077b18487b1650289d006c987b18
387b1b3057080a3306491160285684874052070833060128448487205207
083306022839848710520708330603282e84870852070833060428238487
045207083306052818848702520708330606280d84870152071604330607
01491160ac6b86019517606458646950100e125c821730c96707c8650585
68077b15487b17509b87ff821860821938e07907976603cf6707c8870701
98771052074b01951748501010504384770152073c019517485010124143
84770152072d016485951748501014304384770152071c01821950978620
986620ac690f018388510836017b15330a330b8215484911180164673308
0040017b1728e6870cc9ba077b1930acc7407b1a20acc98b00c8cb077b17
38821718c8b707645664c5646864c95010165e5b821930c95909821728c9
5707c86505821838648b821a205207ba28c000c8cb065706d0027b1c107b
1b08520a073307280f8217187b17607b1a70330701017b17689517900095
1960646850101863fc821790005207a702821798007b1718821930821b08
821c107b1620aec97dff7b15488217307b17508217205107488217185107
423305180003955748278477fc330801013e040000039784209944208179
d449047a743a040000038499ff005209e582171850101a84539557002046
274807013307c00001330af01601330b10170133082b951960284b357b15
487b1950531920320288a7017b172882152811531920d333084911180149
112801017a15447b18387b18b0009517443308e6009519b000330a840033
0b401701330c02492180007b1790007b1898007b19a0007b1aa800951790
007b1b607b1c687b17707b1c7895174895186050101c1522821550821b58
82164833070233083309645a33001e0a6401510641330618000395674827
8477fc330801013e040000039784209944208179d449047a743a04000003
8499ff005209e564575010209f529567002046274807013307230201821a
3895a6067b1760491168068217187b17707b1a78570648013307011408da
ffffff1f000000aea808646728a3203305180003955848278488fc013e04
0000039774209944208189d449047a843a040000038499ff005209e595a7
2598770583773308501022704f7b152095580020462848075107b633087b
1690007b17387b1798004921a000951568018217900082568259f8c98707
ac672f821738017b18307b1738c88707649864695010240159821830c868
089555107b18a00095178800ab75ca281d951790007b1938646950102612
fb821938821798008218a00028bf82159800821728520747648682182095
8748278477fc330801013e040000039784209944208179d449047a743a04
0000038499ff005209e58217185010286f51821820958700204627480764
680164578210c8008215c0008216b8009511d000320033073309201b0128
5a1f821798008218a0003309201b01284a1f3307281701284d1f510ab0fd
3305180003955748278477fc330801013e040000039784209944208179d4
49047a743a040000038499ff005209e5286dfd3307081b0128672a951108
fb7b10f0047b15e8047b16e0046485647650102a40439766209755209866
209855207b1658027b1560029517580250102c4e3f84770151070628711d
64859517580250102e3a3f847701510706285d1d64869517580250103026
3f84770151070628491d9788207a1548027a164c0295174c023309e60095
165002330a8400330b601701330c03492178027b1720037b19207b192803
7b1630037b1a3803951720039888207b1850027b1b58027b1c60027b1768
0249217002029517f002951858025010324a1f8215f802821b00038216f0
0233070233083309645a3300340a640133081800037b182851063f958748
278477fc330801013e040000039784209944208179d449047a743a040000
038499ff005209e56457501036ce4f821828958700204627480701492170
030e9517880395187003501038aa3a82188803140700000000000000807b
1818ab780628bf1c82189003821798037b18087b18a0037b17a8039517a0
0350103a133e84770182152851070628951a83874921b0034921b8030849
21c003330452070628d014978820330759988c201408210b59c84216b200
7b1810140a00000000000000807b1a4049214002083308082813821c3082
1738c97c0c6447520c062858148219b003e67c05c9490a7b1c307b1538ae
5a0628e7135107d99647b8009577b000645628c700821a4002c85a077b70
50ff821888047b7858ff82189004821930027b7968ff7b7860ff82181802
7b7870ff8218e8017b7878ff821808037b7898821800037b78908218f802
7b78888218f0027b7880821878047b78b0821870047b78a8821868047b78
a082188004821950047b78b87b79c0821858047b78c88218600482190802
7a79ec7b78d0821800027b78d88218f8017b78e0821810027a78e8821848
047b78f8821840047b78f09544019566ff8218e0017b787b14c0039557b8
0064a8510609ff7b1620027b1728028215a8037b14380252050628f11882
17a0037c78955aff9579017b19a0037b1aa803330a017b153002aaa8ba05
51080628cc185515210728c0187c98017c9a7c9b027c9c03978808d4a802
7c93047c96057c9a067c980797bb1097cc1897660897a410978818d4cb0b
d4360ad44808d42b0bd4a808978820d4b8087b1820037c98097c9a087c9b
0a7c9c0b978808d4a8027c930c7c960d7c9a0e7c980f97bb1097cc189766
0897a410978818d4cb0bd4360ad44808d42b0bd4a808978820d4b8087b18
28037c98117c9a107c9b127c9c13978808d4a8027c93147c96157c9a167c
981797bb1097cc18d4cb0b97660897ac10978818d4360ad4c808d42b0bd4
a808978820d4b8087b1830037c9a187c9b197c9c1a7c961b9558df97bb08
97cc10976618d4ab027c9b1c7c951dd46c0c7c961e7c9a1f975508d45b0b
9579217b19a0037b18a80397661097aa18d46a0ad42c0cd4ba0a97aa20d4
ca0a7b1a3803330a20aea8062892177c9c7c96017c90027c9b037c94047c
95057c98067c9a07976608d46c0c7b1c18027c9c087c96097c920a7c930b
97001097bb1897550897881097aa18976608d40b0b7b1b1002d4450b7b1b
0802d4a8087b180002d46c0c7b1cf8017c980c7c9a0d7c9b0e7c9c0f9722
1097331897aa0897bb1097cc18d423067b16f001d4a8087b18e8017c9810
7c9a11d4cb0b7b1be0017c95127c961397aa08d4a8087b18d80197551097
6618d465057b15d0017c9b157c9a147c96167c981797bb08d4ba0a7b1ac8
01976610978818d468087b18c0017c9b197c96187c9a1a7c981b97bb08d4
6b0497aa10978818d4a8037c9a1d7c961c7c981e7c991f97aa08d46a0297
8810979918d4890982181802821b1002d48b0b8218080282160002d48606
8218f801821af001d48a0a8218e8018210e001d480088215d801821cd001
d45c00821cc8018215c001d4c505d44303d4290c976620d46b0b978820d4
a80882193002959abf975520d405069579417b19a0037b1aa80397cc20d4
3c0c7b1b58027b1860027b1668027b1c7002551a20072802167c9c7c9601
7c93027c90037c98047b1808027c95057c9a067c9807976608d46c0c7b1c
18027c96087c9c097c920a7c940b97331097001897550897aa1097881897
cc08d4300b7b1b1002821b0802d45b0b7b1b0802d4a800d4c6067c930c7c
9a0d7c9c0e7c950f972210974b1897aa0897cc10975818d42b05d43a047c
9b107c9a11d4c8037c9c127c981397aa08d4ba0297cc10978818d4c80a7c
9b157c9c147c98167c991797bb08d4cb0b978810979918d4980882191802
821c1002d4c909821c0802d4c00cd46505d44306d42a0ad4b8087c7b597b
1b08027c7b5a7b1bf0017c7b5b7b1b00027c7b5c7b1bf80197cc20976620
978820d4c909d46505d4a8087b1998047c795d7b19d8017c795e7b19c001
7c795f7b19d0017c79607b19c8017b15a0048219300295999f7b18a80495
78617b18a0037b19a8035519200728c0147c7b717c74727c72737c76747c
70757c78767c79777c7a787c7c797b1c18027c757a7c737b7c7c7c974408
97221097661897880897991097aa18d4b40b7b1b1002d42604d40800d49a
067c727d7c7a7e7c797f7c788000975b0897331097cc1897aa0897991097
881882151802d4b505d43c0c82133002d42a0ad498087c79617b19b8017c
79627b19a0017c79637b19b0017c79647b19a80182191002d49409d4060b
d45c0cd4a8087c7a657b1a10027c7a667b1a70017c7a677b1a90017c7a68
7b1a880197bb20978820d4b909d4c8087b19b0047b18b8047c78697b1868
017c786a7b1848017c786b7b1858017c786c7b1850017c786d7b1898017c
786e7b1860017c786f7b1880017c78707b18780195387fff957981007b19
a0037b18a8035208062899137c7a810095367eff957c82007b1ca0037b16
a803510a940a522aff00ec09551608072874137c7883007c7984007c7a85
007c7b820097880897991097aa18d4b8087c7b86007c7c8700d4a9097c7a
88007c76890097cc08d4cb0b97aa10976618d46a0a953676ff957c8a00d4
9808d4ba0a97aa20d48a0a7b1ca0037b16a80328290a551505072815137c
78017b1818027c78027b1800027c78037b1810027c78047b1808029558fb
9579057b19a0037b18a803531804e8127c78057b18f8017c78067b18d801
7c78077b18f0017c78087b18e8019558f79579097b19a0037b18a8035318
08b9127c78097b18b8017c7a0a7c700b7c7b0c7c780d7b18d0017c780e7b
18b0017c780f7b18c8017c78107b18c0019558ef9579117b19a0037b18a8
03330c8000acc876127c78217b1810017c76227c72237c78247c7c257b1c
28017c7c267b1c08017c7c277b1c20017c7c287b1c18017c7c297b1c5001
7c7c2a7b1c30017c7c2b7b1c40017c7c2c7b1c38017c7c2d7b1c68017c7c
2e7b1c48017c7c2f7b1c60017c7c307b1c58017c7c317b1c90017c7c327b
1c70017c7c337b1c80017c7c347b1c78017c7c357b1ca8017c7c367b1c88
017c7c377b1ca0017c7c387b1c9801955c6fff957391007b13a003821330
027b1ca803330508ac5cbf11821c000297cc0864b4821b1802d4cb0b7b1b
1802821c100297cc10821b080297bb18d4cb0b7b1b1002821bd80197bb08
821cf801d4cb0b7b1b0802821bf00197bb10821ce80197cc18d4cb0b7b1b
000297aa08821bb801d4ba0a7b1af801970510974418d4540a7b1af00182
1ab00197aa08821bd001d4ba0a7b1ae801821ac80197aa10821bc00197bb
18d4ba0a7b1ad801976608821a1001d46a0a7b1ad001972210978818d428
087b18c80182180801978808821a2801d4a8087b18c00182182001978810
821a180197aa18d4a8087b18b80182183001978808821a5001d4a8087b18
b00182184001978810821a380197aa18d4a8087b18500182184801978808
821a6801d4a8087b18680182186001978810821c580197cc18d4c8087b18
60018218700197880882159001d458087b18900182188001978810821678
01976618d468087b18800182188801978808643b821aa801d4a803821aa0
0197aa1082189801978818d4a80295ba67ff957499007b14a0037b1aa803
82181802821a1002d4a8087b18100282180802821a0002d4a8087b180802
8218f801821af001d48a048218e801821ad801d48a0a8218d001821cc801
d48c0c8218c001821bb801d4b808821bb00182105001d4b00b8215680182
166001d456008215900182168001d46505d4320697aa20978820970020d4
4a0a7b1a0002d4c8087b183002d4b0087b1818027c7892007c7a93007c7b
9400976620d465057b15e8017c7c910097880897aa1097bb18d4c802d4ab
037c7896007c7a95007c7b97007c7c9800978808d4a80497bb1097cc18d4
bc007c98017c9a7c9b027c9c03978808d4a80697bb1097cc18d4bc057c98
057c9a047c9b067c9c07978808d4a8087b18f80197bb1097cc18d4cb0b7b
1bf0017c98097c9a087c9b0a7c9c0b978808d4a8087b18d80197bb1097cc
18d4bc0c7c980d7c9a0c7c9b0e7c990f978808d4a8087b18d00197bb1097
9918d4b9097b19c8017c783a7c79397c7a3b7c7b3c978808d498087b18c0
0197aa1097bb18d4ba0a7b1ab8017c783e7c793d7c7a3f7c7b40978808d4
98087b18b00197aa1097bb18d4ba0a7b1aa8017c78427c79417c7a437c7b
44978808d498087b18a00197aa1097bb18d4ba0a7b1a98017c78467c7945
7c7a477c7b48978808d498087b18900197aa1097bb18d4ba0a7b1a88017c
784a7c79497c7a4b7c7b4c978808d498087b18800197aa1097bb18d4ba0a
7b1a78017c784e7c794d7c7a4f7c7b50978808d498087b18700197aa1097
bb18d4ba0a7b1a68017c78527c79517c7a537c7b54978808d498087b1860
0197aa1097bb18d4ba0a7b1a58017c78567c79557c7a577c7b58978808d4
98087b18500197aa1097bb18d4ba0a7b1a48017c785a7c79597c7a5b7c7b
5c978808d498087b18400197aa1097bb18d4ba0a7b1a38017c785e7c795d
7c7a5f7c7b60978808d498087b18300197aa1097bb18d4ba0a7b1a28017c
78627c79617c7a637c7b64978808d498087b18200197aa1097bb18d4ba0a
7b1a18017c78667c79657c7a677c7b68978808d498087b18100197aa1097
bb18d4ba0a7b1a08017c786a7c79697c7a6b7c7b6c978808d498087b1800
0197aa1097bb18d4ba0a7b1af8007c786e7c796d7c7a6f7c7b70978808d4
98087b18f00097aa1097bb18d4ba0a7b1ae8007c78727c79717c7a737c7b
74978808d498087b18e00097aa1097bb18d4ba0a7b1ad8007c78767c7975
7c7a777c7b78978808d498087b18d00097aa1097bb18d4ba0a7b1ac8007c
788a007c7989007c7a8b007c7b8c00978808d498087b18c00097aa1097bb
18d4ba0a7b1ab8007c788e007c798d007c7a8f007c7b9000978808d49808
7b18b00097aa1097bb18d4ba0a7b1aa8007c7882007c7981007c7a83007c
7b8400978808d498087b18a00097aa1097bb18d4ba0a7b1a98007c788600
7c7985007c7a87007c7b8800978808d498087b18900097aa1097bb18d4ba
0a7b1a88007c787a7c79797c7a7b7c7b7c978808d498087b18800097aa10
97bb18d4ba0a7b1a787c787e7c797d7c7a7f7c778000978808d498087b18
7097aa10977718d4a7077b1758d423077b1768d440077b1750d465057b15
608218f8018219f001d498087b18488219d801d4c9097b19f0018219d001
821ac801d4a909821ac001821bb801d4ba0a7b1ad801821ab001821ba801
d4ba0a821ba001821c9801d4cb0b7b1bd001821b9001821c8801d4cb0b82
1c800182167801d46c0c7b1cc801821c700182166801d46c0c8216600182
155801d465057b15c0018216500182154801d465028216400182153801d4
65057b15b8018216300182152801d465038216200182151801d465057b15
b0018216100182150801d46504821500018216f800d465057b15a8018215
f0008216e800d465058216e0008217d800d467077b17a0018217d0008216
c800d476068217c0008218b800d487077b1798018217b0008218a800d478
008217a00082189800d487077b1790018217900082188800d487077b1780
0182178000821878d487077b178801821770821858d487077b1778018217
50977720821868d487077b17f801821848978820821760d487077b177001
9799208217f001d497077b17f00197aa208219d801d4a9097b19d80197bb
20821ad001d4ba0a97cc20821bc801d4cb0b9722208217c001d472029733
208217b801d473039744208217b001d474049755208217a801d475059766
208217a001d4760697002082179801d4700c8217800197772082189001d4
87078218780197882082198801d49808821970017b1930048219f0017b19
38048219d8017b1910047b1a18047b1b20047b1228047b13f0037b14f803
7b1500047b1608047b18d8037b17e0037b1ce80382104028f8026ca87b18
300257080b33054921c00428578487405207083305012844848720520708
3305022839848710520708330503282e8487085207083305042823848704
5207083305052818848702520708330506280d84870152079a0b33050701
4921c004ac5630099517c00464c864597b1c180250103c6f45821c1802c9
5606c85c0c8557079b77ff82183002e078078218c0047b1ca0037b16a803
975903cf9707c8780a015106ee087cc79566ff95c5017b15a0037b16a803
7b1ae0015107209578f95318fad00833083305ff14090000000000000080
7b19300228789517c0049518a00350103ed32a8218c0043305ff14070000
000000000080aa7898087b1830027c18ca047c19c9047c17c8047c1acb04
978808d498087c19cc047c1bcd047c1cce047c16cf0497aa10979918d4a9
0997bb2097cc28d4cb0bd498088219d0047b19e801976630d46b0bd4b808
97880801d478069517c0049518a0035010405a2a8214c00497573faa74d4
077b1618028217f00197770882180802d487077b17080282180002978810
8219f801979918d498087b1800028219c0019799088217d801d497077b17
f801821ad00197aa10821bc80197bb187b14f001d4ab03821ba00197bb08
8217b801d47b00821cb00197cc108215a801975518d4c504821570019755
0882171002d475058217900197771082188801978818d487078218480197
880882196801d498088216580197661082195001979918d4690982166001
976608821a9801d4a606821a800197aa1082127801972218d4a20a821b08
02821c0002d4bc02821bf801d4b303821cf001d4040b64c0d45707d49808
7b181002d46a0a7b1a08029519c8048298829908973320977720d4230a7b
1a0002d4b7077b17f8017b1830047b193804821720038218280382193003
821a38037b1710047b1818047b1920047b1a280482175802821860028219
6802821a70027b17f0037b18f8037b190004821798048218a0048219a804
7b1a08047b17d8038217b004821ab8047b18e0037b19e8037b17c8037b1a
d0030182193004821a38048212100482141804821c2004821628048213f0
038215f80382170004821808047b1988047b1a90048219d803821ae00382
1be8037b12f0027b14f8027b1c00037b160803821cc8038216d0037b1368
047b1570047b1778047b1880048217b0037b1950047b1a58047b1b60047b
1c40047b164804821438028215280282162002aa7406284fec9517b0037b
10f0015010429c258210f001821438028217b8037b174002282fecc84506
821710ac6740076445520907330728129697b8007b1858027b1768023307
08019669b8007b17600295172003330808951a5802501044322482172003
5207f607821728037b16b0037b1740027b17b803645482153828c7eb8218
b00314070000000000000080821528aa78d7057b18d0018219b803821718
7b19d8015207279647b800c897077b17300264985204672894034921d001
3309088217187b19d8015107df6446955748278477fc330801013e040000
039784209944208179d449047a743a040000038499ff005209e582170850
1046493a95570020462748078219d8019667b800c897077b173002649851
0634033308ae007b1810023308e2007b18180233083e017b1808023308c8
17017b1800023308087b18f80133089808017b18f0013308b202017b18e8
01140700000000000000807b1738023305482764982822501048d7399567
002046274807821840022807821840020182173002aa78dd03648b828c82
8708828218828920828a289588b800821638027b184002aa6ce300821b38
0295bb01aabc9902821b3802aab292007b12e0017b1c20027b1728023307
610201330804649633004a0a04019578013309f8ae98fb05821840028217
2802821c2002821ae001510a58646982162833080101c856078477fc3e03
0000033e040800039783209934208173d443047a7464373a030000033a04
0800038477ff005207d3649750104c103995670020462748078218400282
172802821c200201510c37ff82162833080101c856098499fc3e03000003
3e040800039783209934208193d443047a9464393a030000033a04080003
8499ff005209d328e4fe82bc1095b8307b1758027b1c60027b1268027b19
70027b1a78023309709517800250104eb83f951748027b17200382171002
7b1728039517e8027b1730038217207b17380395184c027b1840037b1748
039517d8027b175003821718027b175803951758027b176003821708027b
17680349211003821700027b17f0024921f80205951820037b1800034921
080305951768049518f0025010504707821768048218700482197804951a
10047b1a6804821af8017b1a7004492140037b1710047b1818047b192004
8217f0017b1720034921280301951768047b17300349213803019517f002
95182003501052f4068216f802821b00038217f0027b1728023307023308
3309646a3300540a64018217280251074a646782162833080101c8560984
99fc3e030000033e040800039783209934208193d443047a9464393a0300
00033a040800038499ff005209d35010566a379567002046274807018219
1804821a20043308068217e8013300580a04019578013309f8ae98740382
171004510775fd8217180482162833090101c856088488fc3e030000033e
040800039793209934208183d443047a8464383a030000033a0408000384
88ff005208d32823fd82173002aa871501330c82173002c987077b184002
3303b800330200201408a737bde94d6f7ad3330601987703140b00000000
00000080ca8704821828958748278475fcc828087b182002821940027b1b
30027b142802280995cc01aa4cbd00ca3c07c87908828aaabaf1828718d4
b7077b1c3802abb708520a5b28de7b1a10027b181802828720013e040000
039764209944208158d448047a543a040000038488ff005208e550105a50
36821720024627480782194002821c38023303b800821b30028214280282
181802821a1002510a89828708013e040000039764209944208158d44804
7a543a040000038488ff005208e550105c02368217200246274807821940
02821c38023303b800821b3002821428022843ff8217d001510741821528
955748278477fc330801013e040000039784209944208179d449047a743a
040000038499ff005209e58217d80150105ea73595570020462748070133
0733088210f0048215e8048216e0049511f8043200140700000000000000
8082183002d47808aa7844821528955748278477fc330801013e04000003
9784209944208179d449047a743a040000038499ff005209e56467501060
4135955700204627480782143802280782143802015204688217b0035107
4882174002510741821528955748278477fc330801013e04000003978420
9944208179d449047a743a040000038499ff005209e582174002501062e8
349557002046274807013307f81301330a681b01330b881b013308239519
df0428ae16330a330cb80033020020330601140900000000000000808218
28958748278475fcc828087b1820027b192802280995aa01aa4a6affcaca
0782184002c87808828baa9bed828718d497077b1a3002ab9708520b5728
da7b1b10027b181802828720013e040000039764209944208158d448047a
543a040000038488ff005208e55010644134821720024627480782143802
821a3002330cb8008219280282181802821b1002510b89828708013e0400
00039764209944208158d448047a543a040000038488ff005208e5501066
f733821720024627480782143802821a3002330cb800821928022847ff33
073309201b0128e9019578097b176804551807248d870678172003330765
0201330a901701330b18180133080b95192003288f15951768043308081c
01492140037b17f002821718027b17f8029517f0027b1820034921280301
7b17300349213803013308181c01951720032887059578097b17f0025518
073d8d8706781758023307650201330a901701330bb0170133080b951958
022829153307c00001330af01601330b10170133082b9519df0428101595
17f0023308081c01492178027b172003821718027b172803951720037b18
580249216002017b17680249217002013308181c01951758022808058217
2803821830033309201b0128f4003307b81b012805153307081b0128460c
9511e07b10187b15107b16086485829808647651081582971051074e8297
64595010682135289d003307011408e0ffffff1f000000ac584233091800
037b19959848278488fc013e040000039774209944208189d449047a843a
040000038499ff005209e528433307011408e0ffffff1f000000ae580733
07284933091800037b19959848278488fc013e0400000397742099442081
89d449047a843a040000038499ff005209e595571f987705837733085010
6a5e2f8219959800204628480701887801330901db77097b687b69087b65
10821018821510821608951120320052070764972806648728219511d064
7833076018014911207b174911080149111008491118641728dd039511b8
7b176417330884003309881801491128951b387b17387b18407b19084911
10027b1b18491120019517089511b8827820827928827a827b08827c1082
77187b18207b192864187b1a7b1b087b1c107b17183307a818017b18307b
17384711409517303300c4002876219511b87b10407b15387b1630c88909
ac895064758277330808977a01e48908e4a80657063d5107108258087b18
187b1728330701017b17206417951918646850106c4afe82175207238217
087b567b57088210408215388216309511483200330733097018012804ff
821708821810330970180128f6fe9511b07b10487b15407b16386486828b
087b1710510b2d3305826795780864b901828a9599ffc8a5059588105209
f582681851082a56150f1582770851073c280b8267185107343305013e02
0000038f5293253a02000003975501015705cc0051051f3307011408e0ff
ffff1f000000ae5814645728a8fe3305330701285633070128517b1b0833
091800037b19959848278488fc013e040000039774209944208189d44904
7a843a040000038499ff005209e595571f9877058377330850106e642d82
199598002046284807821b085107a37b15187b1720491128330830180195
17186469501070a209520725821718821820821928821a107ba77ba8087b
a91082104882154082163895115032003307b40401330ad81801330bf818
01330856951937289f113307c0180128d1fd8289088287829c1833086d13
01330905320c82785108539511f07b10087b158277083305180003955848
278488fc330901013e04000003979420994420818ad44a047a843a040000
0384aaff00520ae55010765a2f9557002046274807821008821595111032
0032009511e07b10187b15107b1608649564768277826a10c9a707ac972a
7b1a826708c8a707645950107a3d368217c875057b651033078210188215
10821608951120320064677b1864a8645950107ca6fd8218826a1028c795
11d07b10287b15207b161864868275108b6c0b552680000a330901281352
0c08330902280b8b68108e88958903018278c9580a6458ac9a15827b0833
0a8000c8b808aea6337886289c007b171082171064587b19087b1c502080
0042fd821c821908821710827810827b08330a8000c8b808aca6d3520c18
986b06846a3f86bbc00086aa8000788b788a0128588b6a10520a25986c0c
976a34846b3f86cce00098aa3a86bb800095aa8000788c788a01788b0228
30986212976a2e976b34846c3f8626f00098aa3a98bb3a86cc800095aa80
0095bb80007886788a01788b02788c0301c895057b751033078210288215
20821618951130320064893308301801289807827728179511e87b177b18
0847111001641750208600f71d009511b07b10487b15407b16387b180833
03f408017b175327e8030001330914491118102714084b598638d6c56d34
7b181033007b1433047f96980001647a821710d67a07951c37c89c0c9877
0b821818ca870bbfba05975b3098bb32ca0b0b98b61098bb1196bb648466
fe07bfb505c83606975531985530c835057c6b7c66017c587c550178cbe9
78c6ea78c8eb9592fc78c5ec6429aca4a654170939977830951b24988832
c82b0c96887b14988811968964bf9707977731987730c837077c797c7701
9522fec82b0b78b978c7ff648701821851080651071b97770184771ec837
077c77019522ff951824c82808788701951a249a2b14c82a0a3308018217
083309502088001c82104882154082163895115032003302145617098428
b59511987b10607b15587b165080741033062b3300000011844300002098
3c15974528c8cb027b19305705414911287e751494302b7b1b207b1a18ac
52688275827608645764686409821a28821b3050208a0023025107713307
010182106082155882165095116832007b1828330051091ac88909648c01
7dc695cc018966c0856501c85000ab9cf2c80202330000001133062b7e75
14db36007b1b207b1a18ae529e974827570839c9250c97482198883e9744
2b7b10105a18019d005208db00330a28d800826c18645782181882192082
1060821558821650951168320c7b1238827910827a8278087b1984990000
e09f8699300000207b17087a79107b1a4864a77b18406409821a28821b30
50208c0064016478330701520843ff3306821738c975076e75016e67ae57
39821740827920956601330830821748b490028e005107e7330701821060
821558821650951168320064ca5218024497c830988a31283a821740827a
18821748821818821920b4a002900064783307015208e0fe330782180882
197b8910821060821558821650951168320064ca017b1c08330582787b18
488277087b174098472b7b17387b1a6ea6016e57ae672b82174082792095
5501821748821838b4900292005107e73307018210608215588216509511
68320082154864578216406468821910821a28821b30502094007c647833
070152085cfe826a186457821818821920b4a00296005107143307018210
60821558821650951168320033058217088218c987076e76016e57ae672b
821740827920955501821748821838b4900298005107e733070182106082
15588216509511683200330782106082155882165095116832009511d87b
10207b15187b16106486330c0000116475aac92d826c20645764987b1b08
7b1ab4c0029a00821a821b08510714330701821020821518821610951128
3200510a1a826c18645764a864b9821020821518821610951128320c3307
82102082151882161095112832009511a07b10587b15507b16487b192880
7b1084b9000000187b18105109060397b8235708398212285512208a0082
1a1033045102ce01c82a09017da895aa018988c0858801c88404ab9af282
12287b12287e7914ac94b60128c9027e7816821a285108860164b4647333
09821610c86a0a330be000330cf0003302281595650101c92607959901c9
75026456aa986d01aaa65d017d655905e78455ff00acb50bacc50d956504
28db95650228d695650328d17b1b7b17088219109595078455f8c89206c9
5606846a073308aa95147d9b95990189bbc085bb01c8b808ab59f2330951
0a21846bf8c8b50cc8ca0ac85b0b017dbc95bb0189ccc085cc01c8c909ab
abf2986603c88904140c0101010101010101140aff00ff00ff00ff007b1a
20140901000100010001007b19182839821b3097b703821640c9b60684b0
03821a20d2a508985908821338c87305d2a907c88707821818ca87079877
30c87404821228520065015106ad0164593307c000e676087b16407b1538
7b18303305531604b198820297220501829b829008829710829a1885b3ff
98bb06983607d46b0b8506ff980806986607d468088576ff987706986607
d4670785a6ff98aa06986607d46a0ad2cb0bc85b0b9522e0d2c808d2c707
d2ca0ac88707c8b707c87a059599205202a7284aff330295842815c99809
6437644bc9980428096437644b9584017b12287e7914ae941b01330cc949
0697b92198993e330a0197b82bad9a0a510914646c280f330a02aba90a97
6930989c31017b1620330682797b19408277087b173898882b7b18307b1c
186ec5016e67ae571c821738827920956601821740821830b490029c0051
07e72847821738827a18821740821810821928b4a0029e00330801520732
3306821720821818c987076e75016e67ae57a70082173882792095660182
1740821830b49002a0005107e63308010133070182105882155082164895
11603200330984b7fc00977703c87303970b030182379533088578ff9877
06988807d48707d2c70795bbf8c87909520be6821820d28907989908d298
08c88707821818ca8707987730c8740482122801821708821b7b12287e79
14ac94edfe8278088277828c188218108219288210588215508216489511
60320c330782105882155082164895116032009511c064783307b9080195
1a304911207b17304911382b7b1a49110801491110084911186417287cf8
8279088277829c18320c9511a07b10587b15507b1648829620140a200000
e0000000007b17307b18387b1a405106f80082982851087c01330c978b04
978a0695673082957b198299107b19189588ffc9ba0a978804c86a0a7b1a
089888049588017b18109555080182597b17207b1c28510918821a388217
308258f882aa18b4a002a400520751017e67105107315217013b82671897
7704821818c887077e78087e67511702225217012c826708977704821918
c897077e7908281d7e68127e67521702e63309281033087e67521702da28
f47e690201826720816a28977704821b18c87b0b82b782bb087a1a407918
44791946951830b4b002a600821c285207d60095cc01821708821620d367
073308309378c88607955510821810abc84bff2881008297185107880033
0a82967b198295109778049577ff9777049877049577017b1710c858087b
1818955710956608017b1a2882697b1720510917821a388217308268f882
aa18b4a002a8005207668257825908951830b49002aa00821a2852075395
aa01821718821520d357078e77977704c85707956610821810aba8b48219
821a10829708ac7a0d2839330a829708540732829897a904821730821a38
c88909829882990882aa18b4a002ac005107143307018210588215508216
489511603200330782105882155082164895116032009511b87b10407b15
387b16307b180881793303f408017b19330a0a5329e8037d951c2f491118
10274911107b141404000000005917b7d133007f96980001649b979920d6
490998992d821718ca7902bf2b05975830988832821710ca780898861098
88119688648466fe07bf8505c83606975531985530c835057c687c66017c
577c550178c8fd78c6fe78c7ff78c595aafc95ccfcacb0a9541909399797
30951626987732c8a60c96777b14987711967864bf8909979931989930c8
39097c987c990195aafec8a606786878c9ff647901821751070651091b97
990184991ec839097c970195aaff951826c8a8087887019517269aab0ac8
7a0a33080182170833095020b000b5f68210408215388216309511483200
9511c87b10307b15287b16205618271d978a02330b200001c8ba0a81aac8
ba0a320a33085c30280501330a5caba80a33085c5c28f800849901510912
015428ff020e016475648664875020b600c4025107080164698663018b6a
143308a80801976c2c976730976634979b3884990f33027d95100833045c
c88a0a98cc3c98773c98663c98bb3cc88909c88c0cc88707c88606c8b808
7caa7ccc7c777c6647110846110a781a0b781c0c693c98cc027c887c9978
170d78160e78180f95c7fec80c0cc870007804461cff75460c7b78191078
121181180881190c7f1a10330b0a7a587a5904795a0878570a785b0b8210
30821528821620951138320033085c6e282b849900015109f00133085c27
281d33085c72281733085c7428119799289899385109d40133085c220133
0900027a7847170447170647170879790a82103082152882162095113832
00531820970055187f0c28a20164576468018b8910520921330629016e82
3303a60f01330af60f01330c181101330928330b220128268b8911520906
013306e6016e823303980c01330af00c01330cc00d0133092c330bd00001
7b1664756427648664383300c2009511d87b10207b15187b16107b1c3303
8216287b1608987008979901c8980c8476ff002834026468647964575209
18018683018b8b14330aa8080197852c978930978634978c3884880f3302
7d95101433045cc8ab0b98553c98993c98663c98cc3cc8a808c8a505c8a9
09c8a606c8ca0a7cbb7c557c997c66471114461116781b17781518693598
55027caa7c8878191978161a781a1b9559fec80505c8900078044615ff75
46057b78181c78121d811814811a187f1b1c330c0a7a787a7a04797b0878
790a787c0b8210308215288216209511383200848afeff1f513a1eb80254
ff8489e0ff1f5139e0a60248ff8389c048fd5619f93cff83895031fd5619
f132ff838a1014fd330bf0acab25ff83890008fd56295df61cff83890000
fd56291dfa11ff8389b0ecfc5619fa06ff838900fff1330aaf22f5ac9af7
fe5538f0010ef3fe3309800078797a780482103082152882162095113832
00330a11330888120188792f1801949a97a902c88909819b208a790b8abb
0bd8b90b85bb0197bb03d4ba0a97ab02c88b0b81bb108abb0bd8b90b85bb
0197bb02d4ba0a97ab02c88b0b81bb088abb0bd8b90b85bb0197bb01d4ba
0a97ab02c88b0b81bb048abb0bd8b90b85bb01c8ba0a97ab02c88b0b81bb
048abb0bd8b90b85bb01c8ba0a97ab02c88b0b81bb8abb0bd39b0cd89b09
88cb01c8a909c89b0b97ba02c88a0a80a8988815561b201880a904989915
520b13858affc89a0a520a1c28383309ef020180aafc97aa2b98ab2b858a
ffc89a0a510a22330abfb7079599ff330b82050101c88b0c7cccbeca0aac
a709958801ab89f284870132007c847c8901958802c89302ab0421ac328d
00ac2b940064a4c8a3030151091a7c359533019599ffab65f52861ac4011
6423abc8cf28096423644aabc8c6821408821cc8c404330801017dc995ca
0157090d64acbf970759071e2821aa4a90007cca0195cc0284997f979908
d4a909bf9707570709858801ab4cd2848701821020821518821610951128
3200330782102082151882161095112832003309681a0164376428284f64
2764b89511a07b177b1808641733088400951908330a981a014911307b17
407b18487b19507b18589517407b1a10491118027b172049112802330868
1a01951710287cf03307801a0128d2f79511a07b177b1808641733088400
951a08330bb81a014911307b17407b18487b1a507b18589517407b1b1049
1118027b17204911280295171064982836f09511907b177b18087b19107b
1a18641233083c01951310330aa200330c4019014911409519507b12507b
18587b13607b1a687b1c20491128027b19304911380295172064b828eeef
9511b0647833071b1401641a330b3c01330c9808017b174911081b491130
7b1a407b1b489519407b1c10491118017b19204911280195171028b3ef00
00951118ff7b10e0007b15d8007b16d0007b197b1a0853280101137d7c00
01581cbf1d3302000128237b17107b181849112001491128ae982a280e01
7d7cff00581cbfda003302ff0001330cb20b017b17107b12187b1c204911
2805ac98eb00aca8e700ae9a58641333088400951908951210330c3c0195
1a2033079019017b1380007b1888007b1990007b1898004911707b12a000
7b1ca8007b1ab0007b1cb800951980007b1750491158047b196049116804
95175064b828f6ee510912ae890fc8970c7dcc89ccc0dbc90a017b1a30ae
8a2601330903e49a029522fd95ac01ac2cc601c92c09c87a0a3303c00151
090e7dac9599ff95aaffad3cf5c829095209a600647a017da88487ff0057
08ab007a173c330a01281e017d7cfe0089ccc085cc0195c2fd00c8270c7d
c35813bf6e330cb20b017b17107b12187b1c2049112805ae981dffd89807
951840330c840095161033053c01db790a9517203309201a017b1880007b
1c88007b1690007b1598007b17a0007b15a8004911707b1a40951880007b
1950491158037b18604911680395175064b82817ee3309642a3300c60028
5efeae894ec8970a7da25812bf4eab8955ff28417cac0184781f84cc3f54
27df00447ca20297c306842c3fd4c30c5327f0003b7ca70397883d97cc06
98882b84773fd4c707d4870751370000110b2822ab890864b72814f5648a
3300c60028fffd978706d4c707280997870cd4c707017a173c552780000a
330a01281698780b520808330a02280b9877108e7a95aa0301c89a0a9512
30330c840095143c3308c8009513403307d40095101033063c019515207b
19407b1a483309d019017b1280007b1c88007b1490007b1898004911707b
13a0007b17a8007b10b0007b16b8007b15c0007b16c800951780007b1950
491158057b17604911680595175064b8280bed3309501a01642764c8288e
fc9511c87b10307b15287b16208285088289825a2064763308277b190864
977b1ab4a002ca0051071433070182103082152882162095113832008168
951714330901019516145020cc004af77c17145227800028811818821508
64578219b49002ce0051074133070182103082152882162095113832007c
181e7c191f825a18c98909c868088215086457b4a002d000510714330701
821030821528821620951138320033082764578219b49002d20082103082
15288216209511383200951160ff7b1098007b1590007b16880064858088
109789267b1757092d97882557088600827764585020d6002cec5107d700
3307018210980082159000821688009511a0003200827a33097f95170801
649898ab04c8790984aa0f88ac0a86a63095aa57dbc60a789a9589ff64ba
520be2958801c89707957a019a8b81003308e9160133090264575020d800
ebec5107773307018210980082159000821688009511a0003200827a3309
7f95170801649898ab04c8790984aa0f88ac0a86a63095aa37dbc60a789a
9589ff64ba520be2958801c89707957a019a8b81003308e9160133090264
575020da008cec5107183307018210980082159000821688009511a00032
008258088257828a183308710801330902b4a002dc005107183307018210
980082159000821688009511a00032008057109778265708289777255707
63821782770864585020de000ceb8210980082159000821688009511a000
32008217827a0833097f95170801649898ab04c8790984aa0f88ac0a86a6
3095aa57dbc60a789a9589ff64ba520be2958801c89707957a019a8b8100
3308e9160128428217827a0833097f95170801649898ab04c8790984aa0f
88ac0a86a63095aa37dbc60a789a9589ff64ba520be2958801c89707957a
019a8b81003308e916010133090264575020e0008deb8210980082159000
821688009511a00032009511b07b10487b15407b16387b180882753303f4
08017b15330a145325e8037c951c37491118102714074b598638d6c56d34
7b171033007b1433047f96980001645b821710d6750598550b821718ca75
02bf2b09979830988832ca08089886109888119688648466fe07bf8909c8
3606979931989930c839097c687c66017c977c990178c8fd78c6fe78c7ff
78c995aafc95ccfcacb4ac54150939975730951b24987732c8ab0c96777b
14987711967864bf8505975531985530c835057c587c590195aafec8ab0b
78b878c9ff647501821751070651051b97550184551ec853037c370195aa
ff951824c8a8087887019517249aab14c87a0a33080182170833095020e4
0074ea8210488215408216389511503200951178ff7b1080006482817a33
097f64130164988bab04c8390984aa0f88ac0a86a73095aa57dbc70a789a
9589ff64ba520be2958801c83909959a019a8b81003308e9160133090264
275020e80016ea821080009511880032009511d87b10207b15187b161064
8682a808647551081e82a71051077e82a77b150864955020ea000b196459
82150828d20051097d3307011408e0ffffff1f000000ac98697b1508330a
1800037b1a95a848278488fc013e04000003977420994420818ad44a047a
843a0400000384aaff00520ae595971f9877058377330864955020ec007d
136459821a95a8002046284807821508286b5109173307011408e0ffffff
1f000000ae980b3307285464672850330a1800037b1a95a848278488fc01
3e04000003977420994420818ad44a047a843a0400000384aaff00520ae5
95971f987705837733087b19085020ee001113821908821a95a800204628
480701887801db77067b587b56087b591082102082151882161095112832
009511b87b10407b15387b16306475827a33070497a801e478063308b800
d68609330752095b9669b8003308f1140bf8ffffffffffff7fac9b47520a
073307281382570896a8b8007b17187b1828330708017b17206417330808
951a185020f00088fe82175207218217087b567b57088210408215388216
3095114832003309381b012830e38217088218103309381b012822e39511
907b10687b15607b16587b1720828a828908828810330b9ca7874f847701
330c5207179ca750b000847701649b648c510708330c649b017b18087b19
103306f73307330833097b1a183300f2000a01016475ae672257059e0182
1a1851053b3307011408e0ffffff1f000000ae5832645728d6e25215ff3d
01140700000000000000808218207b870182106882156082165895117032
003307490101284f3306180003956848278488fc013e0400000397742099
44208189d449047a843a040000038499ff005209e595571f987705837733
08015020f40078119568002046284807821a1851078a7b1701330b9ca887
4f848801330c5208149ca850b000848801510835330c821b10013306f733
0864593300f6000a0101ae67358217207b7582187b78087b751082106882
15608216589511703200821b10821c083306f7330864593300f8000a0101
ac67d15217ff8500140800000000000000808217207b78510528ff330518
0003955748278477fc330801013e040000039784209944208179d449047a
743a040000038499ff005209e582175020fa006f13955700204627480782
106882156082165895117032003307301c014911487b1728491130014911
38084911403308401c019517282852e53307301c014911487b1728491130
01491138084911403308401c019517282831e53307501b012830e1951178
ff7b1080007b15787b16706485647664875020fc008b0184770152070f82
5c08978720987a20aeac1f140700000000000000807b6782108000821578
8216709511880032008388510809017b16083308330b8256491118013309
00407b151001e69a05c9b8077b1c387b1a30ac5745ac5c9100c85b077b17
20821718c8b7077b1828646864595020fe00a119821920821828821a3082
1c38c95c0cc85606c95a0a8215107b567b5c08649b520ab528aa00c85b09
5709d0007b167b1b285208073307280f8217187b17587b1868330701017b
1760951740330801951a5864965020000172fb8217405207a6008217487b
17186468821c388216821b28ae5c77ff821608510826ff82171851071fff
3305180003955748278477fc330801013e040000039784209944208179d4
49047a743a040000038499ff005209e582171850200201c7119557002046
27480728dcfe330949111801281314070000000000000080821608aa78c4
fe7b688217187b67087b6910821080008215788216709511880032003307
3309201b012894df8217488218503309201b012886df9511c87b10307b15
287b1620827a08330901510a73827b7cb895a2ff95b5017b757b72085108
1f01330cff00abc86a330c09acca537cb8027cb9037cbc047cb601978808
97991097cc18d468027cb6057cb506d4c9097cbc077cb808975508d46505
97cc10978818d4c80895aaf795bb09d42909d45808978820d498087b7b7b
7a0828c10033070182103082152882162095113832006c8957090a330649
111828658498405208083306012843849820520808330602283884981052
0808330603282d8498085208083306042822849804520808330605281784
9802520808330606280c84980152086f33060701491118ae621433070182
103082152882162095113832007b170895171864587b191064697b125020
040177178217c96707c865058568078219087b957b97088219189b87ff82
1810e07807976603cf6708c89808019887208e7782103082152882162095
113832003307081b01288ae951092a827b0001330aff0001acba1e7c8cc8
7b0b78bc827b000195880195bb019599ff7b7b00015209e5330732009511
a0fe7b1058017b155001330833097b17330a361401330701330b150a6433
05014921080133084b140195170833090f50200801a1641733080c013309
980801492130017b1740017b184801951740017b1910017b1518017b1720
017b1528019517089518100133000a0164893308d81a012819e9821b0801
330701951a08330833090a6400951170ff7b1088007b1580007b16788277
828908828582787b188276087b1910829a183308e4080133090c64577b1a
08b4a0020e0133080152075495671095681433093c01330aae00330b1019
01330c034911387b16487b19507b17587b1a607b18687b1a709517487b1b
187b1c207b17287b1c30951918645782161064685020100186e851071a33
080101648782108800821580008216789511900032003308f00801330902
6457821a08b4a00212013308015207d882188287287b17708287207b1768
8287187b17608287107b17588287087b175082887b184895194864576468
5020140122e882108800821580008216789511900032009511f848110455
2880000d951905781804287f8b890b52091c951906988a0684883f86aac0
0086888000781a0478180528608b8910520929951907988a0c978b348488
3f86aae00098bb3a8688800095bb8000781a04781b057818062834951908
988a12978b2e978c3484883f86aaf00098bb3a98cc3a8688800095bb8000
95cc8000781a04781b05781c0678180701827b0001951804330aff0001ac
ba1b7c8cc87b0b78bc827b000195880195bb017b7b0001ab98e833079511
08320064893308d81a012846e7951110ff7b10e8007b15e0007b16d80049
21a0009517b8009518a00050201a0173f88218b800140700000000000000
80aa78b4028217c80053170893028479f85119088b0251191086028479fe
5119187e029579e653190876029579de5319226e029579bc531914660295
79a85319065e02957aa2531a105602957a92531a104e0295778254170746
028217c0007c796a7c7a6b7c7b6c7c74187c70197c7c1e7b1c98007c7c1f
7b1c90007c7c6d8aaa088abb10d4a9097c7a207b1a80007c7a217b1a787c
72427c73437c7a567b1a88007c7a577b1a707c7a5c7b1a487c7a5d7b1a40
7c757a7c7a7b7b1a387c7a7c7b1a307c7a7d7b1a287c7a82007b1a687c7a
83007b1a607c7a84007b1a587c7a85007b1a508aca18d4ba0ad49a065108
5c7b157b10087b14107b13187b12203305180003955848278488fc330901
013e04000003979420994420818ad44a047a843a0400000384aaff00520a
e550201c01390c9557002046274807821220821318821410821008821501
8467015207e900330736150133083c5106220133090810c3690952091701
821790008a7708821880008a88108219788a9918821a7097aa08821b9800
d4b707d49808d4870782198800d4a9096478510907c39708015208a10082
18608a88088219588a9910821a508aaa18821b68d4b808d4a909d49808ae
788900821740977708821948d497079678abaa6e88562855557d970808d4
4808978901c898086e88ab87748217388a77088218308a88108219288a99
18d45707d49808d487075227800060390810000333090001ae985c973808
d428083d081000038210e8008215e0008216d8009511f000320033071915
0133081d283d3307721501330835283333077f160133083328293307a715
01330832281f330752160133082d281533071b1601330837280b3307d915
01330842017b17b8007b18c00033075a1401330ad01b01330bf01b013308
1f9519b80028b7ec3307f81301330a681b01330b881b013308239519d700
289eec3307a01b0128deec9511907b10687b15607b1658828a0882898275
8276087b1a2882aa203308227b193064977b1a18b4a00220013308015207
7f0251062602491108330a3302a149111001000133032233045c7b156468
7b16202813330a0101c95808c89a0a8216205108d9013307c885097b1940
01c875097c9b95bc81ac2c12aa3b0faa4b0c957701ab78ec28b1017d9884
86ff0057080895950128547c9b0184681f84bb3f330cdf00ae6c307c9c02
97bb0684cc3fd4cb0b330cf000acc6289595047c990397883d98882b97bb
0684993fd4b909d489062817959502978806d4b806280c95950397880cd4
8b0601c8a7077b173895174c64688219105020220163e67c174c51278000
167c17567c1857bf78088487ff00521701273302a133032233045c821840
82193833078000ac762cff98670b52072a330a022823ff821c08821a38ac
ca91018218c8c808510c21821720ae7c177d875a17bf162879019866108e
6a95aa0328f7feab7c6b01510a1b821720ae7a118217c8a7077d775917c0
0b285301ab7a5001821728827b18c9ca098217307b1b08b4b00224015207
27017c174c5227800019811850821730821918b490022601510724280a01
7c18567c1957c9890995174cc87808821730821a08b4a00228015207ed00
82184055268000223302a133032233045c8219389597017b170833078000
ac7661fe2835ff98670b3302a133032233045c8219385207149597027b17
0833078000ac763efe2812ff9867108e77957703c897077b170833078000
ac7625fe28f9fec88a0a01821908ac9aa500821551091aae6920c895077d
77330bbf6498ad7b19289300330828273308520a103306281e6468ab6981
00510af6ae6a10c8a5077d775817bf6f64a62805ab6a67821728827a18c9
8609c858088215306457b4a0022a013308015207133308226457821918b4
90022c016478016487821068821560821658951170320033070182106882
15608216589511703200330b601901821782182064c93300c6002839ea82
152805648901330b781901645764683300c6002822ea951168ff7b109000
7b1588007b168000827a088279552a03048100510a7b0182877b17288287
087b1720330738017b171833079808017b17103306b816017b1608017b1a
307b19389517387b17708217187b17783305018217087b17607b15688217
107b17407b15489517707b17507b15586496951940821728821820502030
01e1e052071601821a3095aaff956901520ab22803017b1a3082877b1728
8287087b172033060002330738017b171833079808017b17103307b81601
7b17087b196495017b15389517387b17708217187b17788217087b176049
1168018217107b1740491148019517707b17504911580195194082172882
18205020320164e05207ad009566ff9555015206ba821720827a183308b2
1601330903821728b4a0023401821830821933050152076ec89808958600
fe5106617b1830958701fe017b163864769517387b17708217187b177833
05018217087b17607b15688217107b17407b15489517707b17507b155895
194082172882182050203601e6df52071b3305510616821830d386078e77
c86707ab86af280533050164578210900082158800821680009511980032
00330701821090008215880082168000951198003200951178ff7b108000
648282777c7a33097f641301649898ab0484aa0fc8390988ac0a86a73095
aa57dbc70a789a9589ff64ba520be2958801c83909959a019a8b81003308
e91601330902642750203a01f3d882108000951188003200827a82790864
8764a828b7db9511887b10707b15687b16607b180833098000330a1f647b
015109527dbc95bb019599ffadcaf5510cf2951a50330b2e01330c781c01
3306029515407b1750491158087b1a407b1b4882180882878288087b1c10
7b16187b1520491128014911309519103300400128ccde330a01c8a7097c
9951090f95aa0133098000ab9af1280864a9510a6801330033060f957507
957a089a93330cb20a017b1ce469048455f8140680808080808080809544
f1c975082809950001ae903501c8070c7dcc570c42bf080c84cc07520ceb
ae401cc80a0cc80705825582ccd45c0cd26c0c520c09950010ac40eaae90
7d9a05c87000017d0c570c6f9555ff950001ab53f528ed0084c5ff00821c
c85c0c7ccc511c0436511c0313521c0215ff950001ac9086002809ff950c
01ae9c03ffc87c0c7cc25125e0003c5225ed004e6c2c581c9f6028eafe95
0c01ae9ce4fec87c0c7ccc5125f000295225f4005d6ccc581c8f6628cbfe
9a5001ac9056ff288300842ce000512ca0002c28b5fe95cc70ff531c3045
28aafe955c1fff531c0c0e845cfe00522cee009bfe6c2c591cc093fe9500
02ae908bfec8070c7dcc330bbfafcb3a287cfe95550fff56150275fe6ccc
591cc06efe950c02ae9c66fec87c0c7dcc5a1cbf5dfe950003ae9055fec8
070c7dcc330bc0afbc49fe950001ac90d3fe7b17407b194895174033093c
01330a581c01330b02491130951c503306017b17507b1958821808828782
88087b1a107b1b187b1c207b1628951910502040010ddd82107082156882
1660951178320033086827033307657795881f8488e0ae8714c978076579
33075109270352080928200351086b33076577c9870756171f0d9a792065
9751070a033307013a0a4827033a0c502703140b0000000000000080d4ba
0a140b0000000020000000d4cb0b330c000000043e081826033e0a482703
3e0b5027033d0758270348087a8c0448180848180c3d0814260328b50233
0728b0029511b87b10407b15387b16307b18283306180003956800208288
0006510889028b781952084201837501647c647a54177e2969588d891897
8807c6950b9099ff84ba7fe095098e9cc98a0a95a8ff07958a8004c8ac0c
017b152095690020829b38078bc006d00b0584550151051a970903956800
20c89808828808069bc9ffd298085208219500019b08ffd2b8085108a000
6a8097090395680020c8980882880806016a8b8a0806d4b808978802c886
05805a80a804988801ae87ac007b16109569002082920006857cffbe8c0c
81964007bf2a038b38059588017b18c878087b1c188ec9be98087b1608ae
862733096599978c25c9290998c420ae490bc994096599510962821c1095
c900207a9840070180a80881a48439e0c8290a7a5851085748180c821518
8216102882008ba006d00b0884880151082197080395690020c898088288
080684a93f330affcf9a09d2980852084fff9500019b08ffd2b808520831
ff3307018210408215388216309511483200970903821610956c0020c8c9
09829c08063303fedcb308d2c8087b980806821518520816956200208228
3807dc0309d298087b283807018218088219d8890b82102097080197ac20
95a2208a790595880198cc207ac47ac804c8920c5105920064b464585415
7f2a330700000002e67507697a8da818c6870784777f97aa07c9a7079577
ff0795788004958801018388ff975a0197c720978b02c86b0b80b57abc8b
830684883f9877207a707a7a047a750848170c5105077a5c0c0197370395
6b0020c8b707827b08069b8801d4b8087b780806956a002082a738079b38
01d487077ba738078215186450644b019567002081780006975705bec707
838a00000040821828d2b808aea70c9777209877207a7001972720987720
5108d8fe3308821040821538821630951148280009647550204201c6fc64
79645752096ffd28b0fe9511e87b10107b15087b169577e0330418000397
7a20954800208289000698aa2080a80481a3bf970a988201541a1fcc0097
3a05bfa70a97ac2098cc2080c004840b01520bb500980801330900000002
5640000000041651002a6489552000010a9589ff2820699b8db618c66909
84997f97bb07c9b9099599ff07959980042805330901979b2098bb1ec8b4
06816b81c380c508abab0d7a6551051648150c284780c90c7a950851053f
7a590c28398b9a0697ab0395450020c85b0b82b5080684963f3309fedc69
06d265057bb50806520516954c002082cb3807dca909d2b9097bc9380701
9549002082990006be2802970004bf070701839b00000040972c05be7c0c
aebccd0097ca2098aa2080a9048498015208bd0098900133050000000256
49000000043351090e640555290001279509ff0197952098551ec8540681
6880a508abc83a7a6551054648150cbe2002287f69588d8918c695098499
7f978807c989099598ff079589800497952098551ec85406816880a508aa
c8cc80a90c7a95085105497a590cbe200228448b9a06330c002097a803c8
c405c858088285080684963f3309fedc6906d265057b85080652051a954c
002082c83807dca909d298087bc83807be20022806be2002015102890064
2954127f2a330800000002e68208698a8da918c6980884887f97aa07c9a8
089588ff079589800495990101839aff97280197752097a902c84909809c
7a978ba90684aa3f9855207a537a58047a5c0848150c510c077ac70c0197
9803954c0020c8c808828c08069baa01d4ca0a7b8a080695440020824838
079b9901d498087b48380701972805be8707aeb70c9777209877207a7201
82101082150882169511183200330801140ae0ffffff1f000000ae9a0733
0732003303180003953a482784aafc013e0400000397842099442081abd4
4b047aa43a0400000384bbff00520be59511b07b10487b15407b1638807a
e495991f989405834898aa0195a6ffaa86d400ae68789572e0972b2098bb
2080ba0483490198aa01aea9bb00979c0195cc01953600207abc04816b00
06330c0000004097a605becb0bbe2606bf9a00aeb60f0297652098552080
5c0484c8015208ff017b1b3098c401330b00000002564c000000044d0151
0c6201644b552c00013f0164389543ff2856017b13301409ffffffff0000
0000ab94357b17286487330850204401e0f9510737976925989920647582
1628646850204601a3036467502048017afc645782133028189579e09795
20985520805a0498a201ae281d8213300195380020462848078210488215
408216389511503200821b3095ba002082a30006972c05833a00000040be
9c0c7b1a28aeac8897cb2098bb2080b004840a01520a79ff980a017b1a18
be2a0aaea86cff64b2834b0197b4057b14087b1a7b1b20d3ba0a642b7b1a
10821a3095a20020821a08c89a0a812440077b1a08bf3a0a8ba205821a10
8eaac8a202ae2428330a65aac93a03972a2598a420ae430cc9340a65aa51
0a16ff821a3095a800207a82400701330800000002821330821420564000
0000047601510066015520000166018212189522ff287801643869ba8dac
18c6cb0b84bb7f97aa07c9ab0b95baff0795a3800428076438330301973a
2098aa1ec8a80b81ba805c08ab6a157abc510c26481c0c6483be0400821b
30285f805b0c7abc086483510c4e7acb0cbe0400821b3028498b3606976a
03958b0020c8ba0a82a50806843c3f6483330bfedccb0cd25c0c7bac0806
520c1d953a002082ac3807dc6b0bd2cb0b7bab3807be0400821b302809be
0400821b3001510099007b1b306434979c05c82c03640b54107f2a330800
000002e68008698b8dba18c6a80884887f97bb07c9b8089588ff07958b80
0495bb010183b8ff970a01973c20978b02c84b0b80b57ab38b8606848b3f
98cc207ac97aca047ac508481c0c5105077a530c019768036443954c0020
c8c808828c08069bbb01d4cb0b7b8b0806954a002082a838079b6b01d4b8
087ba83807821b3001c80909979905be2908aeb8e3fd9788209888207a80
28d7fd3302282082181801698a8da618c6680884887f97aa07c9a8089588
ff07958280040197282098881ec88306816880ba088210bf4003abc80d7a
6a510a16481a0c284d80bb0c7aba08510a457aab0c283f8b2a0697a80382
1c3095cc0020c8c80882860806842b3f330cfedcbc0bd26b0b7b8b080652
0b198218309584002082483807dcac0ad2a8087b48380701821420974801
9588017a580451039500643a54137f2a330800000002e68308698b8dba18
c6a80884887f97bb07c9b8089588ff07958a800495aa010183a8ff973201
821608976520978a02821b30c8ba0a80ac7aa68b8a06848b3f9855207a54
7a52047a5c0848150c510c077ac60c0197a80333020020821630c8260cc8
c808828c08069bbb01d4cb0b7b8b0806c82606826838079baa01d4a8087b
6838072805644301970805be8909821828ae8996fc9799209899207a9382
1330288bfc9511c07b10387b15307b16286474531910598d4a84a207c824
07ae741a642b64466485017c5a95bbff786a956601955501520bf3c82800
c92909849bf8840207c8b70a52024caea71364080182867b769577089588
08aca7f6c8b008849907c89a0bacba0d281a644ac8940baeb4137c8b9599
ff78ab95aa019588015209f3644782103882153082162895114032003303
4911209a2508951820845c01d428087b1818520c57845602520661845804
520871821c20972503957808c920067b1510aea87e8d588488387b180182
6308956608821810d08c0c9575088218cf8308d4c808957c107b1c187b78
64577b1608643c821818aca8d7284f7c0882161878683303018456025106
a5c830087f88821618c836067968953302845804510895c8300881888216
18c863037a38821c20972503957808c920067b1510aca88864c37b160864
75017b151882161033078218089588084911205512044684050264625205
4d821518840c01510c11c878067c6c951620d47606786c01821820d0230c
8d26846638cf6808d4c8087b58c8b008849907c89a0bacbad8fe28e4fe81
8c7a1c2033070484050264625105b9c8780c7fcc951520d47505795c9577
02821518840c01520ca928b4531910608d7a84a207c8270baeb713642c64
7a0178a895ccff95aa01520cf8c92909849af8c8ba0aaeab22978238140c
0001010101000000d6c202972c20d42c0c017bbc95bb08acabfb849907c8
9a0baeba0e78a89599ff95aa015209f83200647ac8970bacb7ee28f62149
524a52210920a1c8909442a404900a4586a41422498522262949929224a9
244992644aa1a4244985242149a5104a9252524444852402484912919024
4992244992244992a424a524252949494a52921299488524499224c94442
2221514222491455a29824492449554892a4248924952413294444922492
24498864484a21921031849024094945119348448444444424491292a44a
13221992528814228624912412404a880c492944920a894891888c926492
0a492252a490882229910c4929441212d122222a24222424422443520a91
8444445448928808498a90a408491211111112918888444484881011a9d2
90443224a5102924628808114092884444489222444992001240424a5212
499224a24422222222222212894422914844128948229148249244114544
441225118948222949922449922449224992244992244992489224499224
499224922449922449129124492249499224892449922491482492244992
482489248924912449248924499224499224221189484422129124492249
229288884849124992489224491291489224499224499224499224894824
491289442249924824128988442222499224892449922492248924492289
249148242249128944224922128944229148242222928888882012119124
118948924424494422894422914484442291482242224922914824111189
248944229148241289442291482412894422111111894891884412914844
228944224944221189241289241189442492884422124944221189242291
884412912291482222221211898844242211894844229224894422229288
244944449224254992244922492449124992248924912449248924492249
244912492249924812499244924892249244922491249224892491244924
892449224924491249224992481249924492489224924492249124922489
241111914492888848224944442491242222924812499244922489244992
244944128988442422129188484422221189884424221291884844222211
898844242212918848441249224922492291482412492491441249249144
229148242222222222222222295294a424252949494a522223a222449244
2222c9288988249400a28810092022222289884892241149321121121189
442492884422128944229148229148249148249248241249442291924844
491289888888888888888888888888888811111111111111111111111111
11111111494488884812a522222322112222224a22804444229128892452
2443520a9184888844111111112211224400111522a21851491211118988
8808294d222222259310925221440a11113192490849a910224922222211
222222121111111111111121224484888888888888081121224444a44a23
2593109252214442c488449a444424931092522144125124220248024822
89882891942492223224a5100911111111910c4929444244444424924886
a4142211225644440144924886a414228588282612492443520a91081143
088914910012494489444a12491119925288848888888864484a21122222
225248221221844422444444840821928844082191104222112222224284
1089080909499252920a4900094586a41422258054283224a510492a1431
49499294aa1452444a2a42922412495292a492842489244952499224c994
424949920a494292a4249596244924250d15329200524a29a1c890944224
a950449224a490242949924208494252422a4909910c49294442444a2549
95a4a450529254154a4952125252ca521249494a41491249928852922412
51529244121125999424155229513049120a120248044b92244992249224
a524494a244924495292d2922449d2244921494a94244908499224494a95
04c92429252d49929024499224095152922425a52048524a8212252d4992
90244945529224942825496a2a49524b92242449524a494289948424492a
a52549129224a92429490a2595424992a4a44a924a929224091249428a2c
49922492449544542629a24492522a4992949224254996244902082001a4
24499224499244144952244b9224499224499224499224552a5593284992
54924c2549d29224092949129292b44892846492a422c992244992244992
4c49a424495249520a49a2889494922401248944492a499224c992244988
2492244524494a51156592a424494824494a12495449922449a62449424a
42922425494a52494952129224a92429495228212104102c499224491249
9252929424922492242949694992246992a420494a924848299244124115
444948922449922449aa92a4549224459224294992a428228aa224629424
495288d4240a21244a442184c4aa22492a4912a922094992244992244955
92944a92a44892242549921402211042082111821084104204a2244909a1
2449922449922449922449922449929424495222499262922425614a9254
9244942949295552b2a4a44892244992a492a450554a9190244922119290
942221499244222525291221499244222585221449924824474494101125
9124420c492222451209111189888844222549c9449244922949a2452489
2452842411492492101111914422915291a4889284240949922428a54852
32212529651289442249888848444444241229a192242925159224a94482
84a44292242549524892a454489222224a4aa282484444254b9224a52489
90822422a29225499252924448411211514a484822224a92948288884ab2
2449524a920895644992a4942411a62022a22449a184840012c192244992
249224a5242949244924495292d2922449d2244941921451694992a49424
1152105192949294829224802414199252882455501129092055a1c89094
4224a9042962529224254925899448004925924c49505292a49024244952
52a484546a922ad1124902480901a44952294486a4142249092292162921
2953d1a49224294945130248112219925288144424492189484842129190
8444245590244900451215a92232491249920a9224494a49a2a492649214
249252229108910c4929441244a42880444922890a494292244925252249
9224499224499224494992a4524a52929294a4242529c9244952522a2849
4a92249992a490444c2992442a22aa90940849284244444444220a89a41a
1129559290129224222449922449520a9245240a29212949922429a92022
5112929224114949924422929424892422926424a61449a4544844444404
114044480809090909090909099124492492249124892449922449241289
244949122219925288041149d24448442212499248122919499224492449
1492a42449922484481222220a29a490420a29a490112184444208898424
492a495242225282a4522689922949921449492249124992242949492629
414292882449449224519214494924294522491222214948922449888424
4922922449129194242299284929a9524592a29224292429a12549499242
29520d158988484194241212324992244992a4244124495292888484d424
49124924912488244948424a12494c499224499224095292925a44448988
28a24a4b9224a524899082884a254912694a92444812494a9248224d49a4
a22485920092122949925492246549922845844412298422891442914622
242211111412294984422285444a2492444892242549122449a192a42249
255224840012408210422849484992848848a4a224494a44262249128924
49a244624952128948224949492a49521231252549922491489248124d92
92482489242289294992a4242a82942489c82449252949329148222289d4
882448923489922405154952422292929024492408a4904a9244d4249594
94242591489248441223920c92489248104821939494a4922411494a9224
25924492442292481945909224119924a924254926124944243149d2a494
0052213224a510499224259124492289449024912491040151509200920a
9294828252922419912425224192248924519292924822494a2a49522462
90044490a4922411d5242525252525494924529248441249c9484911a424
494426492a49499229124944249149222995254922262925252549492291
249144243149a20852922422932449252949329124924824519344529224
4549aaa5244992a49524492a292529492a499224499224a5499292a45252
29494a4a92929224294d4a12294952d2a424258994a4a4a424294a524b92
240920c9922425a92401aa91cc8f12718154be4463fba4f06bf45fb89187
f6767084925e2ca091e2d4b6010000000000000000000000000000000000
00000000000000000000000000000000000000002b000000ae85d6635e9a
e539d0846b911ec86a27fe000f619b78bcac8a74b77e36f6dbcf00000000
00000000000000000000000000000000000001d3d0ac423a2e9451db2e88
bd75cc143b19424747fbcf2696792987436e8722a60917e5809e4d5e9daf
50361fb6557a00814301159fc81a39cd4d2687e110e0b7be18176cfbff4a
8b40f2d9cba3c2ddc4a5b75e9152c8c41452cda90bebc063201336a74877
9db31316ac26eebc08dadbeda8a8d4794892f6e340e32ab69e0d4d8038b7
a75bd6d296f01fc6b4b6569c38980af6ba2ea34e22d429cccfb6f5b7432a
6af0ea4ced28a7b06f7156c3b0f9d725187efa1932f812abd17fe66cc155
3a8f774935b629cc42513a66c8ed1a09f88b00fe35689032bafd5a26d52f
464c4808a7a66c1635f45e0413cec365f60fb46fa0489c4d2df75f6fd9c0
0d1da3729222d54f425784ed0e9dfc311eb56a162711e68d0b21b5e87fb7
01b4f1c578a02651f5983aaa6fe1e7428902ace29d14be81a664a65f6dfc
a1138ccb99136547324e0000000000000000000000000000000000000000
0001c1060000000000000000000009bf7501c106000000aa91cc8f127181
54be4463fba4f06bf45fb89187f6767084925e2ca091e2d4b6be12020000
0000000a000000000000000a00000000000000db8b000000000000000000
000000000003000000000000002b0000000000000001046c6173740f4e7d
087383aadf7301a9a6ebff2d0201aa91cc8f12718154be4463fba4f06bf4
5fb89187f6767084925e2ca091e2d4b6c0558b47000c746573742d736572
7669636506302e312e32350a4170616368652d322e300125506172697479
20546563686e6f6c6f67696573203c61646d696e407061726974792e696f
3e981c0014000002000020004b598638d6c56d3420286279746573208080
808080808080210b59c84216b2009200ffff9400ffff9400ffff9400ffff
9400ffff9400ffff9400ffff9400ffff9400ffff9e00ffff9800ffff9400
ffff9400ffff9c00ffff9400ffff9400ffff9400ffff9400ffff9400ffff
9400ffff9400ffff9400ffff9400ffff9400ffff9400ffff9400ffff9400
ffff9400ffff9400ffff9400ffff9400ffff9400ffff9400ffff9400ffff
a000ffff9400ffff9400ffff9400ffff9400ffff9a00ffff63616c6c6564
2060526573756c743a3a756e77726170282960206f6e20616e2060457272
602076616c75652f6d6e742f7373642f646576656c6f702f6a616d2f706f
6c6b616a616d2f6372617465732f6a616d2d70766d2d636f6d6d6f6e2f73
72632f6d656d2e72732f686f6d652f64617678792f2e7275737475702f74
6f6f6c636861696e732f6e696768746c792d323032352d30352d31302d78
38365f36342d756e6b6e6f776e2d6c696e75782d676e752f6c69622f7275
73746c69622f7372632f727573742f6c6962726172792f616c6c6f632f73
72632f736c6963652e72734f75744f66426f756e6473496e646578556e6b
6e6f776e53746f7261676546756c6c426164436f72654e6f436173684761
734c696d6974546f6f4c6f77416374696f6e496e76616c69645468697320
697320526566696e6520696e207468652054657374205365727669636520
682077697468207061796c6f6164206c656e2048656c6c6f205468697320
697320416363756d756c61746520696e2074686520546573742053657276
6963652068207769746820206974656d73203c3d206c61737462616c616e
6365206c6f7773657276696365732f746573742d736572766963652f7372
632f6c69622e72735472616e73666572206174202066726f6d206820746f
2068206f6620206d656d6f206c61737474780b000000000000000c000000
000000000b00000000000000070000000000000006000000000000000e00
0000000000000d00000000000000b3feffffbefeffffcafeffffd5feffff
dcfeffffe2fefffff0feffff6361706163697479206f766572666c6f772f
686f6d652f64617678792f2e7275737475702f746f6f6c636861696e732f
6e696768746c792d323032352d30352d31302d7838365f36342d756e6b6e
6f776e2d6c696e75782d676e752f6c69622f727573746c69622f7372632f
727573742f6c6962726172792f616c6c6f632f7372632f7261775f766563
2f6d6f642e72732f686f6d652f64617678792f2e7275737475702f746f6f
6c636861696e732f6e696768746c792d323032352d30352d31302d783836
5f36342d756e6b6e6f776e2d6c696e75782d676e752f6c69622f72757374
6c69622f7372632f727573742f6c6962726172792f616c6c6f632f737263
2f616c6c6f632e72736d656d6f727920616c6c6f636174696f6e206f6620
206279746573206661696c65642f686f6d652f64617678792f2e72757374
75702f746f6f6c636861696e732f6e696768746c792d323032352d30352d
31302d7838365f36342d756e6b6e6f776e2d6c696e75782d676e752f6c69
622f727573746c69622f7372632f727573742f6c6962726172792f616c6c
6f632f7372632f737472696e672e72736120666f726d617474696e672074
7261697420696d706c656d656e746174696f6e2072657475726e65642061
6e206572726f72207768656e2074686520756e6465726c79696e67207374
7265616d20646964206e6f742f686f6d652f64617678792f2e7275737475
702f746f6f6c636861696e732f6e696768746c792d323032352d30352d31
302d7838365f36342d756e6b6e6f776e2d6c696e75782d676e752f6c6962
2f727573746c69622f7372632f727573742f6c6962726172792f616c6c6f
632f7372632f666d742e727300700007002d0101010201020101480b3015
1001650702060202010423011e1b5b0b3a09090118040109010301052b03
3b092a180120370101010408040103070a021d013a010101020408010901
0a021a010202390104020402020303011e0203010b023901040501020401
1402160601013a0101020104080107030a021e013b0101010c0109012801
0301370101030503010407020b021d013a01020201010303010407020b02
1c02390201010204080109010a021d014801040102030101080151010207
0c08620102090b0749021b0101010101370e01050102050b012409016604
0106010202021902040310040d01020206010f01000300041c031d021e02
400201070801020b09012d030101750222017603040209010603db020201
3a010107010101010208060a0201301f3104300a040326090c0220040206
3801010203010105380802029803010d0107040106010302c6400001c321
00038d016020000669020004010a20025002000103010401190205019702
1a120d012608190b01012c03300102040202020124014306020202020c01
08012f01330101030202050201012a020801ee0102010401000100101010
00020001e201950500030102050428030401a5020004410500024f04460b
31047b01360f290102020a033104020207013d03240501083e010c023409
0101080402015f030204060102019d01030815023902010101010c010901
0e07030543010206010102010103040301010e0255080203010117015101
02060101020101020102eb010204060201021b025508020101026a010101
0208650101010204010500090102f5010a040401900402020401200a2806
02040801090602032e0d010200070106010152160207010201027a060301
01020107010148020301010100020b023405050317010001060f000c0303
00053b0700013f0451010b020002002e021700050306080802071e049403
0037043208010e011605010f000701110207010201056401a00700013d04
0004fe0200076d07006080f0002e2e000000000029207768656e20736c69
63696e67206072616e676520656e6420696e646578200100000000000000
0000000000000000303132333435363738396162636465663a63616c6c65
6420604f7074696f6e3a3a756e77726170282960206f6e206120604e6f6e
65602076616c756570616e69636b6564206174203a0a3a20303030313032
303330343035303630373038303931303131313231333134313531363137
313831393230323132323233323432353236323732383239333033313332
333333343335333633373338333934303431343234333434343534363437
343834393530353135323533353435353536353735383539363036313632
363336343635363636373638363937303731373237333734373537363737
373837393830383138323833383438353836383738383839393039313932
39333934393539363937393839392f686f6d652f64617678792f2e727573
7475702f746f6f6c636861696e732f6e696768746c792d323032352d3035
2d31302d7838365f36342d756e6b6e6f776e2d6c696e75782d676e752f6c
69622f727573746c69622f7372632f727573742f6c6962726172792f636f
72652f7372632f666d742f6d6f642e72732f686f6d652f64617678792f2e
7275737475702f746f6f6c636861696e732f6e696768746c792d32303235
2d30352d31302d7838365f36342d756e6b6e6f776e2d6c696e75782d676e
752f6c69622f727573746c69622f7372632f727573742f6c696272617279
2f636f72652f7372632f7374722f6d6f642e727301010101010101010101
010101010101010101010101010101010101010101010101010101010101
010101010101010101010101010101010101010101010101010101010101
010101010101010101010101010101010101010101010101010101010101
010101010101010101010101010101010101010101010101010101010000
000000000000000000000000000000000000000000000000000000000000
000000000000000000000000000000000000000000000000000000000000
000000000202020202020202020202020202020202020202020202020202
020202020303030303030303030303030303030304040404040000000000
0000000000005b2e2e2e5d626567696e203c3d20656e6420286062797465
20696e64657820206973206e6f742061206368617220626f756e64617279
3b20697420697320696e736964652029206f662060206973206f7574206f
6620626f756e6473206f6620602f686f6d652f64617678792f2e72757374
75702f746f6f6c636861696e732f6e696768746c792d323032352d30352d
31302d7838365f36342d756e6b6e6f776e2d6c696e75782d676e752f6c69
622f727573746c69622f7372632f727573742f6c6962726172792f636f72
652f7372632f756e69636f64652f7072696e7461626c652e727300060101
0301040205070702080809020a050b020e04100111021205131c14011502
1702190d1c051d081f0124016a046b02af03b102bc02cf02d102d40cd509
d602d702da01e005e102e704e802ee20f004f802fa04fb010c273b3e4e4f
8f9e9e9f7b8b9396a2b2ba86b1060709363d3e56f3d0d104141836375657
7faaaeafbd35e01287898e9e040d0e11122931343a4546494a4e4f64658a
8c8d8fb6c1c3c4c6cbd65cb6b71b1c07080a0b141736393aa8a9d8d90937
9091a8070a3b3e66698f92116f5fbfeeef5a62f4fcff53549a9b2e2f2728
559da0a1a3a4a7a8adbabcc4060b0c151d3a3f4551a6a7cccda007191a22
253e3fe7ecefffc5c604202325262833383a484a4c50535556585a5c5e60
6365666b73787d7f8aa4aaafb0c0d0aeaf6e6fddde935e227b0503042d03
6603012f2e80821d03310f1c0424091e052b0544040e2a80aa0624042404
2808340b4e03340c813709160a08183b45390363080930160521031b0501
4038044b052f040a070907402027040c0936033a051a07040c0750493733
0d33072e080a0626031d080280d0521003372c082a161a261c1417094e04
2409440d19070a0648082709750b423e2a063b050a06510601051003050b
5908021d621e48080a80a65e22450b0a060d133a060a06141c2c041780b9
3c64530c48090a46451b4808530d49070a80b6220e0a06460a1d03474937
030e080a0639070a813619073b031d55010f320d839b66750b80c48a4c63
0d843010160a8f9b0582479ab93a86c68239072a045c06260a460a280513
81b03a80c65b654b0439071140050b020e97f80884d6290aa2e781330f01
1d060e0408818c89046b050d030907108f6080fa0681b44c4709743c80f6
0a73087015467a140c140c570919808781470385420f1584501f060680d5
2b053e2101702d031a040281401f113a050181d02a80d62b040181e080f7
294c040a04028311444c3d80c23c06010455051b3402810e2c04640c560a
80ae381d0d2c040907020e06809a83d80411030d0377045f060c04010f0c
0438080a0628082c04023e81540c1d030a0538071c06090780fa84060001
0305050606020706080709110a1c0b190c1a0d100e0c0f04100312121309
16011704180119031a071b011c021f1620032b032d0b2e01300431023201
a704a902aa04ab08fa02fb05fd02fe03ff09ad78798b8da23057588b8c90
1cdd0e0f4b4cfbfc2e2f3f5c5d5fe2848d8e9192a9b1babbc5c6c9cadee4
e5ff00041112293134373a3b3d494a5d848e92a9b1b4babbc6cacecfe4e5
00040d0e11122931343a3b4546494a5e646584919b9dc9cecf0d11293a3b
4549575b5c5e5f64658d91a9b4babbc5c9dfe4e5f00d11454964658084b2
bcbebfd5d7f0f183858ba4a6bebfc5c7cfdadb4898bdcdc6cecf494e4f57
595e5f898e8fb1b6b7bfc1c6c7d71116175b5cf6f7feff806d71dedf0e1f
6e6f1c1d5f7d7eaeaf4dbbbc16171e1f46474e4f585a5c5e7e7fb5c5d4d5
dcf0f1f572738f747596262e2fa7afb7bfc7cfd7df9a00409798308f1fce
cfd2d4ceff4e4f5a5b07080f10272feeef6e6f373d3f42459091536775c8
c9d0d1d8d9e7feff00205f2282df048244081b04061181ac0e80ab051f08
811c03190801042f043404070301070607110a500f1207550703041c0a09
0308030703020303030c0405030b06010e15054e071b0757070206170c50
0443032d03010411060f0c3a041d255f206d046a2580c80582b0031a0682
fd03590716091809140c140c6a060a061a0659072b05460a2c040c040103
310b2c041a060b0380ac060a062f3180f4083c030f033e0538082b0582ff
1118082f112d03210f210f808c04829a160b158894052f053b07020e1809
80be22740c80d61a81100580e109f29e033709815c1480b80880dd153b03
0a06380846080c06740b1e035a0459098083181c0a16094c04808a06aba4
0c170431a10481da26070c050580a61081f50701202a064c04808d0480be
031b030f0d206f7574206f662072616e676520666f7220736c696365206f
66206c656e67746820736c69636520696e64657820737461727473206174
202062757420656e64732061742000000003000083042000910560005d13
a0001217201f0c20601fef2c202b2a30a02b6fa6602c02a8e02c1efbe02d
00fe20369eff6036fd01e136010a2137240de137ab0e61392f18e139301c
e14af31ee14e4034a1521e61e153f06a61544f6fe1549dbc615500cf6156
65d1a15600da215700e0a158aee2215aece4e15bd0e8615c2000ee5cf001
7f5d2f686f6d652f64617678792f2e636172676f2f72656769737472792f
7372632f696e6465782e6372617465732e696f2d31393439636638633662
3562353537662f6a616d2d636f6465632d302e312e312f7372632f636f64
65632e72734572726f722f686f6d652f64617678792f2e636172676f2f72
656769737472792f7372632f696e6465782e6372617465732e696f2d3139
34396366386336623562353537662f6a616d2d636f6465632d302e312e31
2f7372632f636f6d706163742e72736372617465732f6a616d2d70766d2d
636f6d6d6f6e2f7372632f686f73745f63616c6c732e7273686f73742063
616c6c2072657475726e7320636f727265637420747970653b2071656469
74656d206d75737420626520617661696c61626c653b2071656450616e69
632068616e646c65722063616c6c65642150616e6963206d657373616765
3a2050726f746f636f6c20706172616d65746572732061726520696e7661
6c69646372617465732f6a616d2d70766d2d636f6d6d6f6e2f7372632f73
7461727475702e7273756e6b6e6f776e206572726f7220636f64653a2063
72617465732f6a616d2d70766d2d636f6d6d6f6e2f7372632f726573756c
742e72734f7572206f776e2041504920696d706c2068617320726573756c
74656420696e20737563636573732076616c756520776869636820697320
6f7574206f662072616e67652e6062617369635f70696563655f6c656e60
206973206e6f74206576656e6062617369635f70696563655f6c656e6020
646f6573206e6f742064697669646520696e746f20605345474d454e545f
4c454e602028342c3130342960726f746174696f6e5f706572696f646020
646f6573206e6f742064697669646520696e746f206065706f63685f7065
72696f64606076616c5f636f756e746020646f6573206e6f742064697669
6465206279206056414c535f5045525f434f524560202833296072656365
6e745f626c6f636b5f636f756e7460206d6179206265206e6f206c617267
6572207468616e2060426c6f636b496e6465783a3a4d4158602028323535
29607472616e736665725f6d656d6f5f73697a6560206d75737420626520
657175616c20746f7220604d454d4f5f4c454e602028313238296076616c
5f636f756e7420213d20636f72655f636f756e74202a2056414c535f5045
525f434f524560202833296065706f63685f7461696c5f73746172746020
6d757374206265206c657373207468616e206065706f63685f706572696f
64602e2e2e00000002000000000000000000000000000000000002000000
000000000000000000000000000000000000200000e90000000022307800
000000000000000000000000000000000000000001000000000000007200
000000000000eb000100000000003e000000000000002000000009000000
29010100000000007a00000000000000da0200001a000000ed0101000000
000023000000000000001002010000000000130000000000000029020100
000000002700000000000000500201000000000007000000000000005702
010000000000060000000000000000000000000000000100000000000000
01000000000000000a000000000000007002010000000000200000000000
0000200000004000000090020100000000000c000000000000009c020100
000000000600000000000000a2020100000000000500000000000000a702
0100000000000500000000000000ac020100000000000600000000000000
700201000000000020000000000000002800000048000000740000000000
00001800000000000000080000000000000078000000000000007e000000
0000000082000000000000000c0301000000000011000000000000001d03
01000000000080000000000000002e020000110000001704010000000000
15000000000000002c040100000000000d000000000000009d0301000000
00007a00000000000000b50100000d00000039040100000000007b000000
00000000e801000017000000000000000000000000000000000000000100
00000000000072000000000000000a050100000000007800000000000000
8a0200000e00000001000000000000000000000000000000b80801000000
00000100000000000000b808010000000000010000000000000001000000
000000000000000000000000f2080100000000000200000000000000bc09
0100000000007b00000000000000990a000026000000bc09010000000000
7b00000000000000a20a00001a000000b70b0100000000000e0000000000
00005d020100000000000400000000000000780801000000000010000000
00000000c50b0100000000000100000000000000c60b0100000000000b00
000000000000d10b01000000000026000000000000000800010000000000
0800000000000000f70b0100000000000600000000000000c50b01000000
00000100000000000000c60b0100000000000b00000000000000fd0b0100
000000001600000000000000c50b0100000000000100000000000000370a
0100000000007b000000000000009e0100002c000000130c010000000000
85000000000000000a0000002b000000130c010000000000850000000000
00001a000000360000008808010000000000100000000000000041120100
000000002200000000000000631201000000000016000000000000007912
0100000000000d0000000000000000000000000000000801000000000000
080000000000000006010000000000001601000000000000180100000000
000072130100000000005f000000000000002c0100003d00000010130100
000000005d000000000000006f0400000f00000010130100000000005d00
000000000000a204000010000000d1130100000000002700000000000000
c20000001c00000000000000000000000000000000000000010000000000
00007200000000000000d1130100000000002700000000000000ca000000
2e000000d1130100000000002700000000000000d40000002e000000d113
01000000000027000000000000000e0100002b0000000000000000000000
100000000000000008000000000000001e01000000000000791401000000
0000240000000000000004000000140000009d1401000000000014000000
00000000b11401000000000023000000000000002100000012000000d414
0100000000004500000000000000b1140100000000002300000000000000
560000000d000000e8160100000000000100000000000000e81601000000
00000100000000000000e9160100000000000200000000000000b2160100
000000000300000000000000000000000000000000000000000000000800
0000526e000080a402c0e7602d00bf002d0160016d01af01a702de02ed02
fe025b03aa031404a904c104f9047005b805dc052906c306e006f4060807
74078f07ca07e8071b084a19bc19351a631cb11c4f1dc11d2b1e881e011f
771fca1fe91f2e204c2048219621f1215722b0225723a123f02482258626
7c27a427e927fb273e2852287c28a128a8280629a229ac29c429cd2a382b
f72b242c5a2cb22cde2cf72c312d7e2d283041306f303731bb313332a632
b63209332d3335346534793492343f354535533559355f351b36003a013a
b43cd93cff3c163d433d633d713d9f3dff3d5e3e8b3ebf3e5d3f6f3f7640
8440d44007416441d0415c42df426943a743d9432a44a44419457245d245
43478747eb472b483c487148c148ed4825493649f449204a604bea4c164d
e64d814e9b4ebb4e824f954fe34f6650e35006516151a551f75101520d52
3a548857015b175b1f5b289601000028a5069511e07b10187b15107b1608
6485829808647651081582971051074e82976459501002e459289d003307
011408e0ffffff1f000000ac584233091800037b19959848278488fc013e
040000039774209944208189d449047a843a040000038499ff005209e528
433307011408e0ffffff1f000000ae58073307284933091800037b199598
48278488fc013e040000039774209944208189d449047a843a0400000384
99ff005209e595571f987705837733085010042154821995980020462848
0701887801330901db77097b687b69087b65108210188215108216089511
2032009511b87b10407b15387b1630c88909ac895064758277330808977a
01e48908e4a80657063d5107108258087b18187b1728330701017b172064
179519186468501006e0fe82175207238217087b567b5708821040821538
821630951148320033073309701801285d24821708821810330970180128
4f24827a08827910648764a828572c7c793302b80201330bf00201828782
8808979c03979a02c82c0c82c9c8ba0a81aa828c18c8ab08320c951130ff
7b10c8007b15c0007b16b8006486647550100c5448976720987720510768
021408ffffffff00000000d258087c89957bff9585017b15487b1b505109
0201330aff00aba9595317093e027c89027c8a037c8b047c8c0197990897
aa1097bb18d4c9097c8c057c8606d4ba0a7c8b077c8508976608d46c0c97
bb10975518d45b0b9576f7958809d4a909d4cb0b97b720d497077b18487b
1650289d006c987b18387b1b3057080a3306491160285684874052070833
060128448487205207083306022839848710520708330603282e84870852
070833060428238487045207083306052818848702520708330606280d84
87015207160433060701491160ac6b86019517606458646950100e125c82
1730c96707c865058568077b15487b17509b87ff821860821938e0790797
6603cf6707c887070198771052074b01951748501010504384770152073c
01951748501012414384770152072d016485951748501014304384770152
071c01821950978620986620ac690f018388510836017b15330a330b8215
4849111801646733080040017b1728e6870cc9ba077b1930acc7407b1a20
acc98b00c8cb077b1738821718c8b707645664c5646864c95010165e5b82
1930c95909821728c95707c86505821838648b821a205207ba28c000c8cb
065706d0027b1c107b1b08520a073307280f8217187b17607b1a70330701
017b176895179000951960646850101863fc821790005207a70282179800
7b1718821930821b08821c107b1620aec97dff7b15488217307b17508217
205107488217185107423305180003955748278477fc330801013e040000
039784209944208179d449047a743a040000038499ff005209e582171850
101a84539557002046274807013307c00001330af01601330b1017013308
2b951960284b357b15487b1950531920320288a7017b1728821528115319
20d333084911180149112801017a15447b18387b18b0009517443308e600
9519b000330a8400330b401701330c02492180007b1790007b1898007b19
a0007b1aa800951790007b1b607b1c687b17707b1c789517489518605010
1c1522821550821b5882164833070233083309645a33001e0a6401510641
3306180003956748278477fc330801013e040000039784209944208179d4
49047a743a040000038499ff005209e564575010209f5295670020462748
07013307230201821a3895a6067b1760491168068217187b17707b1a7857
0648013307011408daffffff1f000000aea808646728a320330518000395
5848278488fc013e040000039774209944208189d449047a843a04000003
8499ff005209e595a72598770583773308501022704f7b15209558002046
2848075107b633087b1690007b17387b1798004921a00095156801821790
0082568259f8c98707ac672f821738017b18307b1738c887076498646950
10240159821830c868089555107b18a00095178800ab75ca281d95179000
7b1938646950102612fb821938821798008218a00028bf82159800821728
5207476486821820958748278477fc330801013e04000003978420994420
8179d449047a743a040000038499ff005209e58217185010286f51821820
958700204627480764680164578210c8008215c0008216b8009511d00032
0033073309201b01285a1f821798008218a0003309201b01284a1f330728
1701284d1f510ab0fd3305180003955748278477fc330801013e04000003
9784209944208179d449047a743a040000038499ff005209e5286dfd3307
081b0128672a951108fb7b10f0047b15e8047b16e0046485647650102a40
439766209755209866209855207b1658027b1560029517580250102c4e3f
84770151070628711d64859517580250102e3a3f847701510706285d1d64
8695175802501030263f84770151070628491d9788207a1548027a164c02
95174c023309e60095165002330a8400330b601701330c03492178027b17
20037b19207b1928037b1630037b1a3803951720039888207b1850027b1b
58027b1c60027b17680249217002029517f002951858025010324a1f8215
f802821b00038216f00233070233083309645a3300340a64013308180003
7b182851063f958748278477fc330801013e040000039784209944208179
d449047a743a040000038499ff005209e56457501036ce4f821828958700
204627480701492170030e9517880395187003501038aa3a821888031407
00000000000000807b1818ab780628bf1c82189003821798037b18087b18
a0037b17a8039517a00350103a133e84770182152851070628951a838749
21b0034921b803084921c003330452070628d014978820330759988c2014
08210b59c84216b2007b1810140a00000000000000807b1a404921400208
3308082813821c30821738c97c0c6447520c062858148219b003e67c05c9
490a7b1c307b1538ae5a0628e7135107d99647b8009577b000645628c700
821a4002c85a077b7050ff821888047b7858ff82189004821930027b7968
ff7b7860ff821818027b7870ff8218e8017b7878ff821808037b78988218
00037b78908218f8027b78888218f0027b7880821878047b78b082187004
7b78a8821868047b78a082188004821950047b78b87b79c0821858047b78
c882186004821908027a79ec7b78d0821800027b78d88218f8017b78e082
1810027a78e8821848047b78f8821840047b78f09544019566ff8218e001
7b787b14c0039557b80064a8510609ff7b1620027b1728028215a8037b14
380252050628f1188217a0037c78955aff9579017b19a0037b1aa803330a
017b153002aaa8ba0551080628cc185515210728c0187c98017c9a7c9b02
7c9c03978808d4a8027c93047c96057c9a067c980797bb1097cc18976608
97a410978818d4cb0bd4360ad44808d42b0bd4a808978820d4b8087b1820
037c98097c9a087c9b0a7c9c0b978808d4a8027c930c7c960d7c9a0e7c98
0f97bb1097cc1897660897a410978818d4cb0bd4360ad44808d42b0bd4a8
08978820d4b8087b1828037c98117c9a107c9b127c9c13978808d4a8027c
93147c96157c9a167c981797bb1097cc18d4cb0b97660897ac10978818d4
360ad4c808d42b0bd4a808978820d4b8087b1830037c9a187c9b197c9c1a
7c961b9558df97bb0897cc10976618d4ab027c9b1c7c951dd46c0c7c961e
7c9a1f975508d45b0b9579217b19a0037b18a80397661097aa18d46a0ad4
2c0cd4ba0a97aa20d4ca0a7b1a3803330a20aea8062892177c9c7c96017c
90027c9b037c94047c95057c98067c9a07976608d46c0c7b1c18027c9c08
7c96097c920a7c930b97001097bb1897550897881097aa18976608d40b0b
7b1b1002d4450b7b1b0802d4a8087b180002d46c0c7b1cf8017c980c7c9a
0d7c9b0e7c9c0f97221097331897aa0897bb1097cc18d423067b16f001d4
a8087b18e8017c98107c9a11d4cb0b7b1be0017c95127c961397aa08d4a8
087b18d801975510976618d465057b15d0017c9b157c9a147c96167c9817
97bb08d4ba0a7b1ac801976610978818d468087b18c0017c9b197c96187c
9a1a7c981b97bb08d46b0497aa10978818d4a8037c9a1d7c961c7c981e7c
991f97aa08d46a02978810979918d4890982181802821b1002d48b0b8218
080282160002d486068218f801821af001d48a0a8218e8018210e001d480
088215d801821cd001d45c00821cc8018215c001d4c505d44303d4290c97
6620d46b0b978820d4a80882193002959abf975520d405069579417b19a0
037b1aa80397cc20d43c0c7b1b58027b1860027b1668027b1c7002551a20
072802167c9c7c96017c93027c90037c98047b1808027c95057c9a067c98
07976608d46c0c7b1c18027c96087c9c097c920a7c940b97331097001897
550897aa1097881897cc08d4300b7b1b1002821b0802d45b0b7b1b0802d4
a800d4c6067c930c7c9a0d7c9c0e7c950f972210974b1897aa0897cc1097
5818d42b05d43a047c9b107c9a11d4c8037c9c127c981397aa08d4ba0297
cc10978818d4c80a7c9b157c9c147c98167c991797bb08d4cb0b97881097
9918d4980882191802821c1002d4c909821c0802d4c00cd46505d44306d4
2a0ad4b8087c7b597b1b08027c7b5a7b1bf0017c7b5b7b1b00027c7b5c7b
1bf80197cc20976620978820d4c909d46505d4a8087b1998047c795d7b19
d8017c795e7b19c0017c795f7b19d0017c79607b19c8017b15a004821930
0295999f7b18a8049578617b18a0037b19a8035519200728c0147c7b717c
74727c72737c76747c70757c78767c79777c7a787c7c797b1c18027c757a
7c737b7c7c7c97440897221097661897880897991097aa18d4b40b7b1b10
02d42604d40800d49a067c727d7c7a7e7c797f7c788000975b0897331097
cc1897aa0897991097881882151802d4b505d43c0c82133002d42a0ad498
087c79617b19b8017c79627b19a0017c79637b19b0017c79647b19a80182
191002d49409d4060bd45c0cd4a8087c7a657b1a10027c7a667b1a70017c
7a677b1a90017c7a687b1a880197bb20978820d4b909d4c8087b19b0047b
18b8047c78697b1868017c786a7b1848017c786b7b1858017c786c7b1850
017c786d7b1898017c786e7b1860017c786f7b1880017c78707b18780195
387fff957981007b19a0037b18a8035208062899137c7a810095367eff95
7c82007b1ca0037b16a803510a940a522aff00ec09551608072874137c78
83007c7984007c7a85007c7b820097880897991097aa18d4b8087c7b8600
7c7c8700d4a9097c7a88007c76890097cc08d4cb0b97aa10976618d46a0a
953676ff957c8a00d49808d4ba0a97aa20d48a0a7b1ca0037b16a8032829
0a551505072815137c78017b1818027c78027b1800027c78037b1810027c
78047b1808029558fb9579057b19a0037b18a803531804e8127c78057b18
f8017c78067b18d8017c78077b18f0017c78087b18e8019558f79579097b
19a0037b18a803531808b9127c78097b18b8017c7a0a7c700b7c7b0c7c78
0d7b18d0017c780e7b18b0017c780f7b18c8017c78107b18c0019558ef95
79117b19a0037b18a803330c8000acc876127c78217b1810017c76227c72
237c78247c7c257b1c28017c7c267b1c08017c7c277b1c20017c7c287b1c
18017c7c297b1c50017c7c2a7b1c30017c7c2b7b1c40017c7c2c7b1c3801
7c7c2d7b1c68017c7c2e7b1c48017c7c2f7b1c60017c7c307b1c58017c7c
317b1c90017c7c327b1c70017c7c337b1c80017c7c347b1c78017c7c357b
1ca8017c7c367b1c88017c7c377b1ca0017c7c387b1c9801955c6fff9573
91007b13a003821330027b1ca803330508ac5cbf11821c000297cc0864b4
821b1802d4cb0b7b1b1802821c100297cc10821b080297bb18d4cb0b7b1b
1002821bd80197bb08821cf801d4cb0b7b1b0802821bf00197bb10821ce8
0197cc18d4cb0b7b1b000297aa08821bb801d4ba0a7b1af8019705109744
18d4540a7b1af001821ab00197aa08821bd001d4ba0a7b1ae801821ac801
97aa10821bc00197bb18d4ba0a7b1ad801976608821a1001d46a0a7b1ad0
01972210978818d428087b18c80182180801978808821a2801d4a8087b18
c00182182001978810821a180197aa18d4a8087b18b80182183001978808
821a5001d4a8087b18b00182184001978810821a380197aa18d4a8087b18
500182184801978808821a6801d4a8087b18680182186001978810821c58
0197cc18d4c8087b1860018218700197880882159001d458087b18900182
18800197881082167801976618d468087b18800182188801978808643b82
1aa801d4a803821aa00197aa1082189801978818d4a80295ba67ff957499
007b14a0037b1aa80382181802821a1002d4a8087b18100282180802821a
0002d4a8087b1808028218f801821af001d48a048218e801821ad801d48a
0a8218d001821cc801d48c0c8218c001821bb801d4b808821bb001821050
01d4b00b8215680182166001d456008215900182168001d46505d4320697
aa20978820970020d44a0a7b1a0002d4c8087b183002d4b0087b1818027c
7892007c7a93007c7b9400976620d465057b15e8017c7c910097880897aa
1097bb18d4c802d4ab037c7896007c7a95007c7b97007c7c9800978808d4
a80497bb1097cc18d4bc007c98017c9a7c9b027c9c03978808d4a80697bb
1097cc18d4bc057c98057c9a047c9b067c9c07978808d4a8087b18f80197
bb1097cc18d4cb0b7b1bf0017c98097c9a087c9b0a7c9c0b978808d4a808
7b18d80197bb1097cc18d4bc0c7c980d7c9a0c7c9b0e7c990f978808d4a8
087b18d00197bb10979918d4b9097b19c8017c783a7c79397c7a3b7c7b3c
978808d498087b18c00197aa1097bb18d4ba0a7b1ab8017c783e7c793d7c
7a3f7c7b40978808d498087b18b00197aa1097bb18d4ba0a7b1aa8017c78
427c79417c7a437c7b44978808d498087b18a00197aa1097bb18d4ba0a7b
1a98017c78467c79457c7a477c7b48978808d498087b18900197aa1097bb
18d4ba0a7b1a88017c784a7c79497c7a4b7c7b4c978808d498087b188001
97aa1097bb18d4ba0a7b1a78017c784e7c794d7c7a4f7c7b50978808d498
087b18700197aa1097bb18d4ba0a7b1a68017c78527c79517c7a537c7b54
978808d498087b18600197aa1097bb18d4ba0a7b1a58017c78567c79557c
7a577c7b58978808d498087b18500197aa1097bb18d4ba0a7b1a48017c78
5a7c79597c7a5b7c7b5c978808d498087b18400197aa1097bb18d4ba0a7b
1a38017c785e7c795d7c7a5f7c7b60978808d498087b18300197aa1097bb
18d4ba0a7b1a28017c78627c79617c7a637c7b64978808d498087b182001
97aa1097bb18d4ba0a7b1a18017c78667c79657c7a677c7b68978808d498
087b18100197aa1097bb18d4ba0a7b1a08017c786a7c79697c7a6b7c7b6c
978808d498087b18000197aa1097bb18d4ba0a7b1af8007c786e7c796d7c
7a6f7c7b70978808d498087b18f00097aa1097bb18d4ba0a7b1ae8007c78
727c79717c7a737c7b74978808d498087b18e00097aa1097bb18d4ba0a7b
1ad8007c78767c79757c7a777c7b78978808d498087b18d00097aa1097bb
18d4ba0a7b1ac8007c788a007c7989007c7a8b007c7b8c00978808d49808
7b18c00097aa1097bb18d4ba0a7b1ab8007c788e007c798d007c7a8f007c
7b9000978808d498087b18b00097aa1097bb18d4ba0a7b1aa8007c788200
7c7981007c7a83007c7b8400978808d498087b18a00097aa1097bb18d4ba
0a7b1a98007c7886007c7985007c7a87007c7b8800978808d498087b1890
0097aa1097bb18d4ba0a7b1a88007c787a7c79797c7a7b7c7b7c978808d4
98087b18800097aa1097bb18d4ba0a7b1a787c787e7c797d7c7a7f7c7780
00978808d498087b187097aa10977718d4a7077b1758d423077b1768d440
077b1750d465057b15608218f8018219f001d498087b18488219d801d4c9
097b19f0018219d001821ac801d4a909821ac001821bb801d4ba0a7b1ad8
01821ab001821ba801d4ba0a821ba001821c9801d4cb0b7b1bd001821b90
01821c8801d4cb0b821c800182167801d46c0c7b1cc801821c7001821668
01d46c0c8216600182155801d465057b15c0018216500182154801d46502
8216400182153801d465057b15b8018216300182152801d4650382162001
82151801d465057b15b0018216100182150801d46504821500018216f800
d465057b15a8018215f0008216e800d465058216e0008217d800d467077b
17a0018217d0008216c800d476068217c0008218b800d487077b17980182
17b0008218a800d478008217a00082189800d487077b1790018217900082
188800d487077b17800182178000821878d487077b178801821770821858
d487077b177801821750977720821868d487077b17f80182184897882082
1760d487077b1770019799208217f001d497077b17f00197aa208219d801
d4a9097b19d80197bb20821ad001d4ba0a97cc20821bc801d4cb0b972220
8217c001d472029733208217b801d473039744208217b001d47404975520
8217a801d475059766208217a001d4760697002082179801d4700c821780
0197772082189001d487078218780197882082198801d49808821970017b
1930048219f0017b1938048219d8017b1910047b1a18047b1b20047b1228
047b13f0037b14f8037b1500047b1608047b18d8037b17e0037b1ce80382
104028f8026ca87b18300257080b33054921c00428578487405207083305
0128448487205207083305022839848710520708330503282e8487085207
0833050428238487045207083305052818848702520708330506280d8487
0152079a0b330507014921c004ac5630099517c00464c864597b1c180250
103c6f45821c1802c95606c85c0c8557079b77ff82183002e078078218c0
047b1ca0037b16a803975903cf9707c8780a015106ee087cc79566ff95c5
017b15a0037b16a8037b1ae0015107209578f95318fad00833083305ff14
0900000000000000807b19300228789517c0049518a00350103ed32a8218
c0043305ff14070000000000000080aa7898087b1830027c18ca047c19c9
047c17c8047c1acb04978808d498087c19cc047c1bcd047c1cce047c16cf
0497aa10979918d4a90997bb2097cc28d4cb0bd498088219d0047b19e801
976630d46b0bd4b80897880801d478069517c0049518a0035010405a2a82
14c00497573faa74d4077b1618028217f00197770882180802d487077b17
0802821800029788108219f801979918d498087b1800028219c001979908
8217d801d497077b17f801821ad00197aa10821bc80197bb187b14f001d4
ab03821ba00197bb088217b801d47b00821cb00197cc108215a801975518
d4c5048215700197550882171002d4750582179001977710821888019788
18d487078218480197880882196801d49808821658019766108219500197
9918d4690982166001976608821a9801d4a606821a800197aa1082127801
972218d4a20a821b0802821c0002d4bc02821bf801d4b303821cf001d404
0b64c0d45707d498087b181002d46a0a7b1a08029519c804829882990897
3320977720d4230a7b1a0002d4b7077b17f8017b1830047b193804821720
038218280382193003821a38037b1710047b1818047b1920047b1a280482
1758028218600282196802821a70027b17f0037b18f8037b190004821798
048218a0048219a8047b1a08047b17d8038217b004821ab8047b18e0037b
19e8037b17c8037b1ad0030182193004821a38048212100482141804821c
2004821628048213f0038215f80382170004821808047b1988047b1a9004
8219d803821ae003821be8037b12f0027b14f8027b1c00037b160803821c
c8038216d0037b1368047b1570047b1778047b1880048217b0037b195004
7b1a58047b1b60047b1c40047b164804821438028215280282162002aa74
06284fec9517b0037b10f0015010429c258210f001821438028217b8037b
174002282fecc84506821710ac6740076445520907330728129697b8007b
1858027b176802330708019669b8007b17600295172003330808951a5802
5010443224821720035207f607821728037b16b0037b1740027b17b80364
5482153828c7eb8218b00314070000000000000080821528aa78d7057b18
d0018219b8038217187b19d8015207279647b800c897077b173002649852
04672894034921d0013309088217187b19d8015107df6446955748278477
fc330801013e040000039784209944208179d449047a743a040000038499
ff005209e5821708501046493a95570020462748078219d8019667b800c8
97077b1730026498510634033308ae007b1810023308e2007b1818023308
3e017b1808023308c817017b1800023308087b18f80133089808017b18f0
013308b202017b18e801140700000000000000807b173802330548276498
2822501048d7399567002046274807821840022807821840020182173002
aa78dd03648b828c828708828218828920828a289588b800821638027b18
4002aa6ce300821b380295bb01aabc9902821b3802aab292007b12e0017b
1c20027b1728023307610201330804649633004a0a04019578013309f8ae
98fb058218400282172802821c2002821ae001510a586469821628330801
01c856078477fc3e030000033e040800039783209934208173d443047a74
64373a030000033a040800038477ff005207d3649750104c103995670020
462748078218400282172802821c200201510c37ff82162833080101c856
098499fc3e030000033e040800039783209934208193d443047a9464393a
030000033a040800038499ff005209d328e4fe82bc1095b8307b1758027b
1c60027b1268027b1970027b1a78023309709517800250104eb83f951748
027b172003821710027b1728039517e8027b1730038217207b1738039518
4c027b1840037b1748039517d8027b175003821718027b17580395175802
7b176003821708027b17680349211003821700027b17f0024921f8020595
1820037b1800034921080305951768049518f00250105047078217680482
18700482197804951a10047b1a6804821af8017b1a7004492140037b1710
047b1818047b1920048217f0017b1720034921280301951768047b173003
49213803019517f00295182003501052f4068216f802821b00038217f002
7b17280233070233083309646a3300540a64018217280251074a64678216
2833080101c856098499fc3e030000033e040800039783209934208193d4
43047a9464393a030000033a040800038499ff005209d35010566a379567
0020462748070182191804821a20043308068217e8013300580a04019578
013309f8ae98740382171004510775fd8217180482162833090101c85608
8488fc3e030000033e040800039793209934208183d443047a8464383a03
0000033a040800038488ff005208d32823fd82173002aa871501330c8217
3002c987077b1840023303b800330200201408a737bde94d6f7ad3330601
987703140b0000000000000080ca8704821828958748278475fcc828087b
182002821940027b1b30027b142802280995cc01aa4cbd00ca3c07c87908
828aaabaf1828718d4b7077b1c3802abb708520a5b28de7b1a10027b1818
02828720013e040000039764209944208158d448047a543a040000038488
ff005208e550105a5036821720024627480782194002821c38023303b800
821b30028214280282181802821a1002510a89828708013e040000039764
209944208158d448047a543a040000038488ff005208e550105c02368217
20024627480782194002821c38023303b800821b3002821428022843ff82
17d001510741821528955748278477fc330801013e040000039784209944
208179d449047a743a040000038499ff005209e58217d80150105ea73595
5700204627480701330733088210f0048215e8048216e0049511f8043200
1407000000000000008082183002d47808aa7844821528955748278477fc
330801013e040000039784209944208179d449047a743a040000038499ff
005209e56467501060413595570020462748078214380228078214380201
5204688217b00351074882174002510741821528955748278477fc330801
013e040000039784209944208179d449047a743a040000038499ff005209
e582174002501062e8349557002046274807013307f81301330a681b0133
0b881b013308239519df0428ae16330a330cb80033020020330601140900
00000000000080821828958748278475fcc828087b1820027b1928022809
95aa01aa4a6affcaca0782184002c87808828baa9bed828718d497077b1a
3002ab9708520b5728da7b1b10027b181802828720013e04000003976420
9944208158d448047a543a040000038488ff005208e55010644134821720
024627480782143802821a3002330cb8008219280282181802821b100251
0b89828708013e040000039764209944208158d448047a543a0400000384
88ff005208e5501066f733821720024627480782143802821a3002330cb8
00821928022847ff33073309201b0128e9019578097b176804551807248d
8706781720033307650201330a901701330b18180133080b95192003288f
15951768043308081c01492140037b17f002821718027b17f8029517f002
7b18200349212803017b17300349213803013308181c0195172003288705
9578097b17f0025518073d8d8706781758023307650201330a901701330b
b0170133080b951958022829153307c00001330af01601330b1017013308
2b9519df042810159517f0023308081c01492178027b172003821718027b
172803951720037b18580249216002017b17680249217002013308181c01
9517580228080582172803821830033309201b0128f4003307b81b012805
153307081b0128460c9511e07b10187b15107b1608648582980864765108
1582971051074e829764595010682135289d003307011408e0ffffff1f00
0000ac584233091800037b19959848278488fc013e040000039774209944
208189d449047a843a040000038499ff005209e528433307011408e0ffff
ff1f000000ae58073307284933091800037b19959848278488fc013e0400
00039774209944208189d449047a843a040000038499ff005209e595571f
9877058377330850106a5e2f8219959800204628480701887801330901db
77097b687b69087b65108210188215108216089511203200520707649728
06648728219511d0647833076018014911207b1749110801491110084911
18641728dd039511b87b176417330884003309881801491128951b387b17
387b18407b1908491110027b1b18491120019517089511b8827820827928
827a827b08827c108277187b18207b192864187b1a7b1b087b1c107b1718
3307a818017b18307b17384711409517303300c4002876219511b87b1040
7b15387b1630c88909ac895064758277330808977a01e48908e4a8065706
3d5107108258087b18187b1728330701017b17206417951918646850106c
4afe82175207238217087b567b5708821040821538821630951148320033
0733097018012804ff821708821810330970180128f6fe9511b07b10487b
15407b16386486828b087b1710510b2d3305826795780864b901828a9599
ffc8a5059588105209f582681851082a56150f1582770851073c280b8267
185107343305013e020000038f5293253a02000003975501015705cc0051
051f3307011408e0ffffff1f000000ae5814645728a8fe33053307012856
33070128517b1b0833091800037b19959848278488fc013e040000039774
209944208189d449047a843a040000038499ff005209e595571f98770583
77330850106e642d82199598002046284807821b085107a37b15187b1720
49112833083018019517186469501070a209520725821718821820821928
821a107ba77ba8087ba91082104882154082163895115032003307b40401
330ad81801330bf81801330856951937289f113307c0180128d1fd828908
8287829c1833086d1301330905320c82785108539511f07b10087b158277
083305180003955848278488fc330901013e04000003979420994420818a
d44a047a843a0400000384aaff00520ae55010765a2f9557002046274807
8210088215951110320032009511e07b10187b15107b1608649564768277
826a10c9a707ac972a7b1a826708c8a707645950107a3d368217c875057b
65103307821018821510821608951120320064677b1864a8645950107ca6
fd8218826a1028c79511d07b10287b15207b161864868275108b6c0b5526
80000a3309012813520c08330902280b8b68108e88958903018278c9580a
6458ac9a15827b08330a8000c8b808aea6337886289c007b171082171064
587b19087b1c5020800042fd821c821908821710827810827b08330a8000
c8b808aca6d3520c18986b06846a3f86bbc00086aa8000788b788a012858
8b6a10520a25986c0c976a34846b3f86cce00098aa3a86bb800095aa8000
788c788a01788b022830986212976a2e976b34846c3f8626f00098aa3a98
bb3a86cc800095aa800095bb80007886788a01788b02788c0301c895057b
751033078210288215208216189511303200648933083018012898078277
28179511e87b177b180847111001641750208600f71d009511b07b10487b
15407b16387b18083303f408017b175327e8030001330914491118102714
084b598638d6c56d347b181033007b1433047f96980001647a821710d67a
07951c37c89c0c98770b821818ca870bbfba05975b3098bb32ca0b0b98b6
1098bb1196bb648466fe07bfb505c83606975531985530c835057c6b7c66
017c587c550178cbe978c6ea78c8eb9592fc78c5ec6429aca4a654170939
977830951b24988832c82b0c96887b14988811968964bf97079777319877
30c837077c797c77019522fec82b0b78b978c7ff64870182185108065107
1b97770184771ec837077c77019522ff951824c82808788701951a249a2b
14c82a0a3308018217083309502088001c82104882154082163895115032
003302145617098428b59511987b10607b15587b165080741033062b3300
0000118443000020983c15974528c8cb027b19305705414911287e751494
302b7b1b207b1a18ac52688275827608645764686409821a28821b305020
8a0023025107713307010182106082155882165095116832007b18283300
51091ac88909648c017dc695cc018966c0856501c85000ab9cf2c8020233
0000001133062b7e7514db36007b1b207b1a18ae529e974827570839c925
0c97482198883e97442b7b10105a18019d005208db00330a28d800826c18
6457821818821920821060821558821650951168320c7b1238827910827a
8278087b1984990000e09f8699300000207b17087a79107b1a4864a77b18
406409821a28821b3050208c0064016478330701520843ff3306821738c9
75076e75016e67ae5739821740827920956601330830821748b490028e00
5107e7330701821060821558821650951168320064ca5218024497c83098
8a31283a821740827a18821748821818821920b4a0029000647833070152
08e0fe330782180882197b8910821060821558821650951168320064ca01
7b1c08330582787b18488277087b174098472b7b17387b1a6ea6016e57ae
672b821740827920955501821748821838b4900292005107e73307018210
60821558821650951168320082154864578216406468821910821a28821b
30502094007c647833070152085cfe826a186457821818821920b4a00296
00510714330701821060821558821650951168320033058217088218c987
076e76016e57ae672b821740827920955501821748821838b49002980051
07e733070182106082155882165095116832003307821060821558821650
95116832009511d87b10207b15187b16106486330c0000116475aac92d82
6c20645764987b1b087b1ab4c0029a00821a821b08510714330701821020
8215188216109511283200510a1a826c18645764a864b982102082151882
1610951128320c330782102082151882161095112832009511a07b10587b
15507b16487b1928807b1084b9000000187b18105109060397b823570839
8212285512208a00821a1033045102ce01c82a09017da895aa018988c085
8801c88404ab9af28212287b12287e7914ac94b60128c9027e7816821a28
5108860164b464733309821610c86a0a330be000330cf000330228159565
0101c92607959901c975026456aa986d01aaa65d017d655905e78455ff00
acb50bacc50d95650428db95650228d695650328d17b1b7b170882191095
95078455f8c89206c95606846a073308aa95147d9b95990189bbc085bb01
c8b808ab59f23309510a21846bf8c8b50cc8ca0ac85b0b017dbc95bb0189
ccc085cc01c8c909ababf2986603c88904140c0101010101010101140aff
00ff00ff00ff007b1a20140901000100010001007b19182839821b3097b7
03821640c9b60684b003821a20d2a508985908821338c87305d2a907c887
07821818ca8707987730c87404821228520065015106ad0164593307c000
e676087b16407b15387b18303305531604b198820297220501829b829008
829710829a1885b3ff98bb06983607d46b0b8506ff980806986607d46808
8576ff987706986607d4670785a6ff98aa06986607d46a0ad2cb0bc85b0b
9522e0d2c808d2c707d2ca0ac88707c8b707c87a059599205202a7284aff
330295842815c998096437644bc9980428096437644b9584017b12287e79
14ae941b01330cc9490697b92198993e330a0197b82bad9a0a510914646c
280f330a02aba90a976930989c31017b1620330682797b19408277087b17
3898882b7b18307b1c186ec5016e67ae571c821738827920956601821740
821830b490029c005107e72847821738827a18821740821810821928b4a0
029e003308015207323306821720821818c987076e75016e67ae57a70082
1738827920956601821740821830b49002a0005107e63308010133070182
10588215508216489511603200330984b7fc00977703c87303970b030182
379533088578ff987706988807d48707d2c70795bbf8c87909520be68218
20d28907989908d29808c88707821818ca8707987730c874048212280182
1708821b7b12287e7914ac94edfe8278088277828c188218108219288210
58821550821648951160320c330782105882155082164895116032009511
c064783307b90801951a304911207b17304911382b7b1a49110801491110
084911186417287cf88279088277829c18320c9511a07b10587b15507b16
48829620140a200000e0000000007b17307b18387b1a405106f800829828
51087c01330c978b04978a0695673082957b198299107b19189588ffc9ba
0a978804c86a0a7b1a089888049588017b18109555080182597b17207b1c
28510918821a388217308258f882aa18b4a002a400520751017e67105107
315217013b826718977704821818c887077e78087e67511702225217012c
826708977704821918c897077e7908281d7e68127e67521702e633092810
33087e67521702da28f47e690201826720816a28977704821b18c87b0b82
b782bb087a1a40791844791946951830b4b002a600821c285207d60095cc
01821708821620d367073308309378c88607955510821810abc84bff2881
0082971851078800330a82967b198295109778049577ff97770498770495
77017b1710c858087b1818955710956608017b1a2882697b172051091782
1a388217308268f882aa18b4a002a8005207668257825908951830b49002
aa00821a2852075395aa01821718821520d357078e77977704c857079566
10821810aba8b48219821a10829708ac7a0d2839330a8297085407328298
97a904821730821a38c88909829882990882aa18b4a002ac005107143307
018210588215508216489511603200330782105882155082164895116032
009511b87b10407b15387b16307b180881793303f408017b19330a0a5329
e8037d951c2f49111810274911107b141404000000005917b7d133007f96
980001649b979920d6490998992d821718ca7902bf2b0597583098883282
1710ca78089886109888119688648466fe07bf8505c83606975531985530
c835057c687c66017c577c550178c8fd78c6fe78c7ff78c595aafc95ccfc
acb0a954190939979730951626987732c8a60c96777b14987711967864bf
8909979931989930c839097c987c990195aafec8a606786878c9ff647901
821751070651091b97990184991ec839097c970195aaff951826c8a80878
87019517269aab0ac87a0a33080182170833095020b000b5f68210408215
3882163095114832009511c87b10307b15287b16205618271d978a02330b
200001c8ba0a81aac8ba0a320a33085c30280501330a5caba80a33085c5c
28f800849901510912015428ff020e016475648664875020b600c4025107
080164698663018b6a143308a80801976c2c976730976634979b3884990f
33027d95100833045cc88a0a98cc3c98773c98663c98bb3cc88909c88c0c
c88707c88606c8b8087caa7ccc7c777c6647110846110a781a0b781c0c69
3c98cc027c887c9978170d78160e78180f95c7fec80c0cc870007804461c
ff75460c7b78191078121181180881190c7f1a10330b0a7a587a5904795a
0878570a785b0b821030821528821620951138320033085c6e282b849900
015109f00133085c27281d33085c72281733085c74281197992898993851
09d40133085c2201330900027a7847170447170647170879790a82103082
15288216209511383200531820970055187f0c28a20164576468018b8910
520921330629016e823303a60f01330af60f01330c181101330928330b22
0128268b8911520906013306e6016e823303980c01330af00c01330cc00d
0133092c330bd000017b1664756427648664383300c2009511d87b10207b
15187b16107b1c33038216287b1608987008979901c8980c8476ff002834
02646864796457520918018683018b8b14330aa8080197852c9789309786
34978c3884880f33027d95101433045cc8ab0b98553c98993c98663c98cc
3cc8a808c8a505c8a909c8a606c8ca0a7cbb7c557c997c66471114461116
781b1778151869359855027caa7c8878191978161a781a1b9559fec80505
c8900078044615ff7546057b78181c78121d811814811a187f1b1c330c0a
7a787a7a04797b0878790a787c0b8210308215288216209511383200848a
feff1f513a1eb80254ff8489e0ff1f5139e0a60248ff8389c048fd5619f9
3cff83895031fd5619f132ff838a1014fd330bf0acab25ff83890008fd56
295df61cff83890000fd56291dfa11ff8389b0ecfc5619fa06ff838900ff
f1330aaf22f5ac9af7fe5538f0010ef3fe3309800078797a780482103082
15288216209511383200330a11330888120188792f1801949a97a902c889
09819b208a790b8abb0bd8b90b85bb0197bb03d4ba0a97ab02c88b0b81bb
108abb0bd8b90b85bb0197bb02d4ba0a97ab02c88b0b81bb088abb0bd8b9
0b85bb0197bb01d4ba0a97ab02c88b0b81bb048abb0bd8b90b85bb01c8ba
0a97ab02c88b0b81bb048abb0bd8b90b85bb01c8ba0a97ab02c88b0b81bb
8abb0bd39b0cd89b0988cb01c8a909c89b0b97ba02c88a0a80a898881556
1b201880a904989915520b13858affc89a0a520a1c28383309ef020180aa
fc97aa2b98ab2b858affc89a0a510a22330abfb7079599ff330b82050101
c88b0c7cccbeca0aaca709958801ab89f284870132007c847c8901958802
c89302ab0421ac328d00ac2b940064a4c8a3030151091a7c359533019599
ffab65f52861ac40116423abc8cf28096423644aabc8c6821408821cc8c4
04330801017dc995ca0157090d64acbf970759071e2821aa4a90007cca01
95cc0284997f979908d4a909bf9707570709858801ab4cd2848701821020
821518821610951128320033078210208215188216109511283200330968
1a0164376428284f642764b89511a07b177b180864173308840095190833
0a981a014911307b17407b18487b19507b18589517407b1a10491118027b
1720491128023308681a01951710287cf03307801a0128d2f79511a07b17
7b1808641733088400951a08330bb81a014911307b17407b18487b1a507b
18589517407b1b10491118027b17204911280295171064982836f0951190
7b177b18087b19107b1a18641233083c01951310330aa200330c40190149
11409519507b12507b18587b13607b1a687b1c20491128027b1930491138
0295172064b828eeef9511b0647833071b1401641a330b3c01330c980801
7b174911081b4911307b1a407b1b489519407b1c10491118017b19204911
280195171028b3ef0000951118ff7b10e0007b15d8007b16d0007b197b1a
0853280101137d7c0001581cbf1d3302000128237b17107b181849112001
491128ae982a280e017d7cff00581cbfda003302ff0001330cb20b017b17
107b12187b1c2049112805ac98eb00aca8e700ae9a586413330884009519
08951210330c3c01951a2033079019017b1380007b1888007b1990007b18
98004911707b12a0007b1ca8007b1ab0007b1cb800951980007b17504911
58047b19604911680495175064b828f6ee510912ae890fc8970c7dcc89cc
c0dbc90a017b1a30ae8a2601330903e49a029522fd95ac01ac2cc601c92c
09c87a0a3303c00151090e7dac9599ff95aaffad3cf5c829095209a60064
7a017da88487ff005708ab007a173c330a01281e017d7cfe0089ccc085cc
0195c2fd00c8270c7dc35813bf6e330cb20b017b17107b12187b1c204911
2805ae981dffd89807951840330c840095161033053c01db790a95172033
09201a017b1880007b1c88007b1690007b1598007b17a0007b15a8004911
707b1a40951880007b1950491158037b18604911680395175064b82817ee
3309642a3300c600285efeae894ec8970a7da25812bf4eab8955ff28417c
ac0184781f84cc3f5427df00447ca20297c306842c3fd4c30c5327f0003b
7ca70397883d97cc0698882b84773fd4c707d4870751370000110b2822ab
890864b72814f5648a3300c60028fffd978706d4c707280997870cd4c707
017a173c552780000a330a01281698780b520808330a02280b9877108e7a
95aa0301c89a0a951230330c840095143c3308c8009513403307d4009510
1033063c019515207b19407b1a483309d019017b1280007b1c88007b1490
007b1898004911707b13a0007b17a8007b10b0007b16b8007b15c0007b16
c800951780007b1950491158057b17604911680595175064b8280bed3309
501a01642764c8288efc9511c87b10307b15287b16208285088289825a20
64763308277b190864977b1ab4a002ca0051071433070182103082152882
162095113832008168951714330901019516145020cc004af77c17145227
80002881181882150864578219b49002ce00510741330701821030821528
82162095113832007c181e7c191f825a18c98909c868088215086457b4a0
02d000510714330701821030821528821620951138320033082764578219
b49002d2008210308215288216209511383200951160ff7b1098007b1590
007b16880064858088109789267b1757092d978825570886008277645850
20d6002cec5107d7003307018210980082159000821688009511a0003200
827a33097f95170801649898ab04c8790984aa0f88ac0a86a63095aa57db
c60a789a9589ff64ba520be2958801c89707957a019a8b81003308e91601
33090264575020d800ebec51077733070182109800821590008216880095
11a0003200827a33097f95170801649898ab04c8790984aa0f88ac0a86a6
3095aa37dbc60a789a9589ff64ba520be2958801c89707957a019a8b8100
3308e9160133090264575020da008cec5107183307018210980082159000
821688009511a00032008258088257828a183308710801330902b4a002dc
005107183307018210980082159000821688009511a00032008057109778
26570828977725570763821782770864585020de000ceb82109800821590
00821688009511a00032008217827a0833097f95170801649898ab04c879
0984aa0f88ac0a86a63095aa57dbc60a789a9589ff64ba520be2958801c8
9707957a019a8b81003308e9160128428217827a0833097f951708016498
98ab04c8790984aa0f88ac0a86a63095aa37dbc60a789a9589ff64ba520b
e2958801c89707957a019a8b81003308e916010133090264575020e0008d
eb8210980082159000821688009511a00032009511b07b10487b15407b16
387b180882753303f408017b15330a145325e8037c951c37491118102714
074b598638d6c56d347b171033007b1433047f96980001645b821710d675
0598550b821718ca7502bf2b09979830988832ca08089886109888119688
648466fe07bf8909c83606979931989930c839097c687c66017c977c9901
78c8fd78c6fe78c7ff78c995aafc95ccfcacb4ac54150939975730951b24
987732c8ab0c96777b14987711967864bf8505975531985530c835057c58
7c590195aafec8ab0b78b878c9ff647501821751070651051b9755018455
1ec853037c370195aaff951824c8a8087887019517249aab14c87a0a3308
0182170833095020e40074ea8210488215408216389511503200951178ff
7b1080006482817a33097f64130164988bab04c8390984aa0f88ac0a86a7
3095aa57dbc70a789a9589ff64ba520be2958801c83909959a019a8b8100
3308e9160133090264275020e80016ea821080009511880032009511d87b
10207b15187b1610648682a808647551081e82a71051077e82a77b150864
955020ea000b19645982150828d20051097d3307011408e0ffffff1f0000
00ac98697b1508330a1800037b1a95a848278488fc013e04000003977420
994420818ad44a047a843a0400000384aaff00520ae595971f9877058377
330864955020ec007d136459821a95a8002046284807821508286b510917
3307011408e0ffffff1f000000ae980b3307285464672850330a1800037b
1a95a848278488fc013e04000003977420994420818ad44a047a843a0400
000384aaff00520ae595971f987705837733087b19085020ee0011138219
08821a95a800204628480701887801db77067b587b56087b591082102082
151882161095112832009511b87b10407b15387b16306475827a33070497
a801e478063308b800d68609330752095b9669b8003308f1140bf8ffffff
ffffff7fac9b47520a073307281382570896a8b8007b17187b1828330708
017b17206417330808951a185020f00088fe82175207218217087b567b57
0882104082153882163095114832003309381b012830e382170882181033
09381b012822e39511907b10687b15607b16587b1720828a828908828810
330b9ca7874f847701330c5207179ca750b000847701649b648c51070833
0c649b017b18087b19103306f73307330833097b1a183300f2000a010164
75ae672257059e01821a1851053b3307011408e0ffffff1f000000ae5832
645728d6e25215ff3d01140700000000000000808218207b870182106882
156082165895117032003307490101284f3306180003956848278488fc01
3e040000039774209944208189d449047a843a040000038499ff005209e5
95571f98770583773308015020f40078119568002046284807821a185107
8a7b1701330b9ca8874f848801330c5208149ca850b00084880151083533
0c821b10013306f7330864593300f6000a0101ae67358217207b7582187b
78087b75108210688215608216589511703200821b10821c083306f73308
64593300f8000a0101ac67d15217ff850014080000000000000080821720
7b78510528ff3305180003955748278477fc330801013e04000003978420
9944208179d449047a743a040000038499ff005209e582175020fa006f13
955700204627480782106882156082165895117032003307301c01491148
7b172849113001491138084911403308401c019517282852e53307301c01
4911487b172849113001491138084911403308401c019517282831e53307
501b012830e1951178ff7b1080007b15787b16706485647664875020fc00
8b0184770152070f825c08978720987a20aeac1f14070000000000000080
7b67821080008215788216709511880032008388510809017b1608330833
0b825649111801330900407b151001e69a05c9b8077b1c387b1a30ac5745
ac5c9100c85b077b1720821718c8b7077b1828646864595020fe00a11982
1920821828821a30821c38c95c0cc85606c95a0a8215107b567b5c08649b
520ab528aa00c85b095709d0007b167b1b285208073307280f8217187b17
587b1868330701017b1760951740330801951a5864965020000172fb8217
405207a6008217487b17186468821c388216821b28ae5c77ff8216085108
26ff82171851071fff3305180003955748278477fc330801013e04000003
9784209944208179d449047a743a040000038499ff005209e58217185020
0201c711955700204627480728dcfe330949111801281314070000000000
000080821608aa78c4fe7b688217187b67087b6910821080008215788216
7095118800320033073309201b012894df8217488218503309201b012886
df9511c87b10307b15287b1620827a08330901510a73827b7cb895a2ff95
b5017b757b720851081f01330cff00abc86a330c09acca537cb8027cb903
7cbc047cb60197880897991097cc18d468027cb6057cb506d4c9097cbc07
7cb808975508d4650597cc10978818d4c80895aaf795bb09d42909d45808
978820d498087b7b7b7a0828c10033070182103082152882162095113832
006c8957090a330649111828658498405208083306012843849820520808
3306022838849810520808330603282d8498085208083306042822849804
5208083306052817849802520808330606280c84980152086f3306070149
1118ae621433070182103082152882162095113832007b17089517186458
7b191064697b125020040177178217c96707c865058568078219087b957b
97088219189b87ff821810e07807976603cf6708c89808019887208e7782
103082152882162095113832003307081b01288ae951092a827b0001330a
ff0001acba1e7c8cc87b0b78bc827b000195880195bb019599ff7b7b0001
5209e5330732009511a0fe7b1058017b155001330833097b17330a361401
330701330b150a643305014921080133084b140195170833090f50200801
a1641733080c013309980801492130017b1740017b184801951740017b19
10017b1518017b1720017b1528019517089518100133000a0164893308d8
1a012819e9821b0801330701951a08330833090a6400951170ff7b108800
7b1580007b16788277828908828582787b188276087b1910829a183308e4
080133090c64577b1a08b4a0020e0133080152075495671095681433093c
01330aae00330b101901330c034911387b16487b19507b17587b1a607b18
687b1a709517487b1b187b1c207b17287b1c309519186457821610646850
20100186e851071a33080101648782108800821580008216789511900032
003308f008013309026457821a08b4a00212013308015207d88218828728
7b17708287207b17688287187b17608287107b17588287087b175082887b
1848951948645764685020140122e8821088008215800082167895119000
32009511f8481104552880000d951905781804287f8b890b52091c951906
988a0684883f86aac00086888000781a0478180528608b89105209299519
07988a0c978b3484883f86aae00098bb3a8688800095bb8000781a04781b
057818062834951908988a12978b2e978c3484883f86aaf00098bb3a98cc
3a8688800095bb800095cc8000781a04781b05781c0678180701827b0001
951804330aff0001acba1b7c8cc87b0b78bc827b000195880195bb017b7b
0001ab98e83307951108320064893308d81a012846e7951110ff7b10e800
7b15e0007b16d8004921a0009517b8009518a00050201a0173f88218b800
14070000000000000080aa78b4028217c80053170893028479f85119088b
0251191086028479fe5119187e029579e653190876029579de5319226e02
9579bc53191466029579a85319065e02957aa2531a105602957a92531a10
4e0295778254170746028217c0007c796a7c7a6b7c7b6c7c74187c70197c
7c1e7b1c98007c7c1f7b1c90007c7c6d8aaa088abb10d4a9097c7a207b1a
80007c7a217b1a787c72427c73437c7a567b1a88007c7a577b1a707c7a5c
7b1a487c7a5d7b1a407c757a7c7a7b7b1a387c7a7c7b1a307c7a7d7b1a28
7c7a82007b1a687c7a83007b1a607c7a84007b1a587c7a85007b1a508aca
18d4ba0ad49a0651085c7b157b10087b14107b13187b1220330518000395
5848278488fc330901013e04000003979420994420818ad44a047a843a04
00000384aaff00520ae550201c01390c9557002046274807821220821318
8214108210088215018467015207e900330736150133083c510622013309
0810c3690952091701821790008a7708821880008a88108219788a991882
1a7097aa08821b9800d4b707d49808d4870782198800d4a9096478510907
c39708015208a1008218608a88088219588a9910821a508aaa18821b68d4
b808d4a909d49808ae788900821740977708821948d497079678abaa6e88
562855557d970808d44808978901c898086e88ab87748217388a77088218
308a88108219288a9918d45707d49808d487075227800060390810000333
090001ae985c973808d428083d081000038210e8008215e0008216d80095
11f0003200330719150133081d283d3307721501330835283333077f1601
33083328293307a71501330832281f330752160133082d281533071b1601
330837280b3307d91501330842017b17b8007b18c00033075a1401330ad0
1b01330bf01b0133081f9519b80028b7ec3307f81301330a681b01330b88
1b013308239519d700289eec3307a01b0128deec9511907b10687b15607b
1658828a08828982758276087b1a2882aa203308227b193064977b1a18b4
a002200133080152077f0251062602491108330a3302a149111001000133
032233045c7b1564687b16202813330a0101c95808c89a0a8216205108d9
013307c885097b194001c875097c9b95bc81ac2c12aa3b0faa4b0c957701
ab78ec28b1017d988486ff0057080895950128547c9b0184681f84bb3f33
0cdf00ae6c307c9c0297bb0684cc3fd4cb0b330cf000acc6289595047c99
0397883d98882b97bb0684993fd4b909d489062817959502978806d4b806
280c95950397880cd48b0601c8a7077b173895174c646882191050202201
63e67c174c51278000167c17567c1857bf78088487ff00521701273302a1
33032233045c82184082193833078000ac762cff98670b52072a330a0228
23ff821c08821a38acca91018218c8c808510c21821720ae7c177d875a17
bf162879019866108e6a95aa0328f7feab7c6b01510a1b821720ae7a1182
17c8a7077d775917c00b285301ab7a5001821728827b18c9ca098217307b
1b08b4b0022401520727017c174c5227800019811850821730821918b490
022601510724280a017c18567c1957c9890995174cc87808821730821a08
b4a00228015207ed0082184055268000223302a133032233045c82193895
97017b170833078000ac7661fe2835ff98670b3302a133032233045c8219
385207149597027b170833078000ac763efe2812ff9867108e77957703c8
97077b170833078000ac7625fe28f9fec88a0a01821908ac9aa500821551
091aae6920c895077d77330bbf6498ad7b19289300330828273308520a10
3306281e6468ab698100510af6ae6a10c8a5077d775817bf6f64a62805ab
6a67821728827a18c98609c858088215306457b4a0022a01330801520713
3308226457821918b490022c016478016487821068821560821658951170
32003307018210688215608216589511703200330b601901821782182064
c93300c6002839ea82152805648901330b781901645764683300c6002822
ea951168ff7b1090007b1588007b168000827a088279552a03048100510a
7b0182877b17288287087b1720330738017b171833079808017b17103306
b816017b1608017b1a307b19389517387b17708217187b17783305018217
087b17607b15688217107b17407b15489517707b17507b15586496951940
82172882182050203001e1e052071601821a3095aaff956901520ab22803
017b1a3082877b17288287087b172033060002330738017b171833079808
017b17103307b816017b17087b196495017b15389517387b17708217187b
17788217087b1760491168018217107b1740491148019517707b17504911
58019519408217288218205020320164e05207ad009566ff9555015206ba
821720827a183308b21601330903821728b4a00234018218308219330501
52076ec89808958600fe5106617b1830958701fe017b163864769517387b
17708217187b17783305018217087b17607b15688217107b17407b154895
17707b17507b155895194082172882182050203601e6df52071b33055106
16821830d386078e77c86707ab86af280533050164578210900082158800
821680009511980032003307018210900082158800821680009511980032
00951178ff7b108000648282777c7a33097f641301649898ab0484aa0fc8
390988ac0a86a73095aa57dbc70a789a9589ff64ba520be2958801c83909
959a019a8b81003308e91601330902642750203a01f3d882108000951188
003200827a827908648764a828b7db9511887b10707b15687b16607b1808
33098000330a1f647b015109527dbc95bb019599ffadcaf5510cf2951a50
330b2e01330c781c013306029515407b1750491158087b1a407b1b488218
0882878288087b1c107b16187b1520491128014911309519103300400128
ccde330a01c8a7097c9951090f95aa0133098000ab9af1280864a9510a68
01330033060f957507957a089a93330cb20a017b1ce469048455f8140680
808080808080809544f1c975082809950001ae903501c8070c7dcc570c42
bf080c84cc07520cebae401cc80a0cc80705825582ccd45c0cd26c0c520c
09950010ac40eaae907d9a05c87000017d0c570c6f9555ff950001ab53f5
28ed0084c5ff00821cc85c0c7ccc511c0436511c0313521c0215ff950001
ac9086002809ff950c01ae9c03ffc87c0c7cc25125e0003c5225ed004e6c
2c581c9f6028eafe950c01ae9ce4fec87c0c7ccc5125f000295225f4005d
6ccc581c8f6628cbfe9a5001ac9056ff288300842ce000512ca0002c28b5
fe95cc70ff531c304528aafe955c1fff531c0c0e845cfe00522cee009bfe
6c2c591cc093fe950002ae908bfec8070c7dcc330bbfafcb3a287cfe9555
0fff56150275fe6ccc591cc06efe950c02ae9c66fec87c0c7dcc5a1cbf5d
fe950003ae9055fec8070c7dcc330bc0afbc49fe950001ac90d3fe7b1740
7b194895174033093c01330a581c01330b02491130951c503306017b1750
7b195882180882878288087b1a107b1b187b1c207b162895191050204001
0ddd821070821568821660951178320033086827033307657795881f8488
e0ae8714c97807657933075109270352080928200351086b33076577c987
0756171f0d9a7920659751070a033307013a0a4827033a0c502703140b00
00000000000080d4ba0a140b0000000020000000d4cb0b330c000000043e
081826033e0a4827033e0b5027033d0758270348087a8c0448180848180c
3d0814260328b502330728b0029511b87b10407b15387b16307b18283306
1800039568002082880006510889028b781952084201837501647c647a54
177e2969588d8918978807c6950b9099ff84ba7fe095098e9cc98a0a95a8
ff07958a8004c8ac0c017b152095690020829b38078bc006d00b05845501
51051a97090395680020c89808828808069bc9ffd298085208219500019b
08ffd2b8085108a0006a8097090395680020c8980882880806016a8b8a08
06d4b808978802c88605805a80a804988801ae87ac007b16109569002082
920006857cffbe8c0c81964007bf2a038b38059588017b18c878087b1c18
8ec9be98087b1608ae862733096599978c25c9290998c420ae490bc99409
6599510962821c1095c900207a9840070180a80881a48439e0c8290a7a58
51085748180c8215188216102882008ba006d00b08848801510821970803
95690020c898088288080684a93f330affcf9a09d2980852084fff950001
9b08ffd2b808520831ff3307018210408215388216309511483200970903
821610956c0020c8c909829c08063303fedcb308d2c8087b980806821518
5208169562002082283807dc0309d298087b283807018218088219d8890b
82102097080197ac2095a2208a790595880198cc207ac47ac804c8920c51
05920064b4645854157f2a330700000002e67507697a8da818c687078477
7f97aa07c9a7079577ff0795788004958801018388ff975a0197c720978b
02c86b0b80b57abc8b830684883f9877207a707a7a047a750848170c5105
077a5c0c01973703956b0020c8b707827b08069b8801d4b8087b78080695
6a002082a738079b3801d487077ba738078215186450644b019567002081
780006975705bec707838a00000040821828d2b808aea70c977720987720
7a70019727209877205108d8fe3308821040821538821630951148280009
647550204201c6fc6479645752096ffd28b0fe9511e87b10107b15087b16
9577e03304180003977a20954800208289000698aa2080a80481a3bf970a
988201541a1fcc00973a05bfa70a97ac2098cc2080c004840b01520bb500
9808013309000000025640000000041651002a6489552000010a9589ff28
20699b8db618c6690984997f97bb07c9b9099599ff079599800428053309
01979b2098bb1ec8b406816b81c380c508abab0d7a6551051648150c2847
80c90c7a950851053f7a590c28398b9a0697ab0395450020c85b0b82b508
0684963f3309fedc6906d265057bb50806520516954c002082cb3807dca9
09d2b9097bc93807019549002082990006be2802970004bf070701839b00
000040972c05be7c0caebccd0097ca2098aa2080a9048498015208bd0098
90013305000000025649000000043351090e640555290001279509ff0197
952098551ec85406816880a508abc83a7a6551054648150cbe2002287f69
588d8918c6950984997f978807c989099598ff079589800497952098551e
c85406816880a508aac8cc80a90c7a95085105497a590cbe200228448b9a
06330c002097a803c8c405c858088285080684963f3309fedc6906d26505
7b85080652051a954c002082c83807dca909d298087bc83807be20022806
be20020151028900642954127f2a330800000002e68208698a8da918c698
0884887f97aa07c9a8089588ff079589800495990101839aff9728019775
2097a902c84909809c7a978ba90684aa3f9855207a537a58047a5c084815
0c510c077ac70c01979803954c0020c8c808828c08069baa01d4ca0a7b8a
080695440020824838079b9901d498087b48380701972805be8707aeb70c
9777209877207a720182101082150882169511183200330801140ae0ffff
ff1f000000ae9a07330732003303180003953a482784aafc013e04000003
97842099442081abd44b047aa43a0400000384bbff00520be59511b07b10
487b15407b1638807ae495991f989405834898aa0195a6ffaa86d400ae68
789572e0972b2098bb2080ba0483490198aa01aea9bb00979c0195cc0195
3600207abc04816b0006330c0000004097a605becb0bbe2606bf9a00aeb6
0f02976520985520805c0484c8015208ff017b1b3098c401330b00000002
564c000000044d01510c6201644b552c00013f0164389543ff2856017b13
301409ffffffff00000000ab94357b17286487330850204401e0f9510737
9769259899206475821628646850204601a3036467502048017afc645782
133028189579e0979520985520805a0498a201ae281d8213300195380020
462848078210488215408216389511503200821b3095ba002082a3000697
2c05833a00000040be9c0c7b1a28aeac8897cb2098bb2080b004840a0152
0a79ff980a017b1a18be2a0aaea86cff64b2834b0197b4057b14087b1a7b
1b20d3ba0a642b7b1a10821a3095a20020821a08c89a0a812440077b1a08
bf3a0a8ba205821a108eaac8a202ae2428330a65aac93a03972a2598a420
ae430cc9340a65aa510a16ff821a3095a800207a82400701330800000002
8213308214205640000000047601510066015520000166018212189522ff
287801643869ba8dac18c6cb0b84bb7f97aa07c9ab0b95baff0795a38004
28076438330301973a2098aa1ec8a80b81ba805c08ab6a157abc510c2648
1c0c6483be0400821b30285f805b0c7abc086483510c4e7acb0cbe040082
1b3028498b3606976a03958b0020c8ba0a82a50806843c3f6483330bfedc
cb0cd25c0c7bac0806520c1d953a002082ac3807dc6b0bd2cb0b7bab3807
be0400821b302809be0400821b3001510099007b1b306434979c05c82c03
640b54107f2a330800000002e68008698b8dba18c6a80884887f97bb07c9
b8089588ff07958b800495bb010183b8ff970a01973c20978b02c84b0b80
b57ab38b8606848b3f98cc207ac97aca047ac508481c0c5105077a530c01
9768036443954c0020c8c808828c08069bbb01d4cb0b7b8b0806954a0020
82a838079b6b01d4b8087ba83807821b3001c80909979905be2908aeb8e3
fd9788209888207a8028d7fd3302282082181801698a8da618c668088488
7f97aa07c9a8089588ff07958280040197282098881ec88306816880ba08
8210bf4003abc80d7a6a510a16481a0c284d80bb0c7aba08510a457aab0c
283f8b2a0697a803821c3095cc0020c8c80882860806842b3f330cfedcbc
0bd26b0b7b8b0806520b198218309584002082483807dcac0ad2a8087b48
3807018214209748019588017a580451039500643a54137f2a3308000000
02e68308698b8dba18c6a80884887f97bb07c9b8089588ff07958a800495
aa010183a8ff973201821608976520978a02821b30c8ba0a80ac7aa68b8a
06848b3f9855207a547a52047a5c0848150c510c077ac60c0197a8033302
0020821630c8260cc8c808828c08069bbb01d4cb0b7b8b0806c826068268
38079baa01d4a8087b6838072805644301970805be8909821828ae8996fc
9799209899207a93821330288bfc9511c07b10387b15307b162864745319
10598d4a84a207c82407ae741a642b64466485017c5a95bbff786a956601
955501520bf3c82800c92909849bf8840207c8b70a52024caea713640801
82867b76957708958808aca7f6c8b008849907c89a0bacba0d281a644ac8
940baeb4137c8b9599ff78ab95aa019588015209f3644782103882153082
1628951140320033034911209a2508951820845c01d428087b1818520c57
845602520661845804520871821c20972503957808c920067b1510aea87e
8d588488387b1801826308956608821810d08c0c9575088218cf8308d4c8
08957c107b1c187b7864577b1608643c821818aca8d7284f7c0882161878
683303018456025106a5c830087f88821618c83606796895330284580451
0895c830088188821618c863037a38821c20972503957808c920067b1510
aca88864c37b16086475017b151882161033078218089588084911205512
0446840502646252054d821518840c01510c11c878067c6c951620d47606
786c01821820d0230c8d26846638cf6808d4c8087b58c8b008849907c89a
0bacbad8fe28e4fe818c7a1c2033070484050264625105b9c8780c7fcc95
1520d47505795c957702821518840c01520ca928b4531910608d7a84a207
c8270baeb713642c647a0178a895ccff95aa01520cf8c92909849af8c8ba
0aaeab22978238140c0001010101000000d6c202972c20d42c0c017bbc95
bb08acabfb849907c89a0baeba0e78a89599ff95aa015209f83200647ac8
970bacb7ee28f62149524a52210920a1c8909442a404900a4586a4142249
8522262949929224a9244992644aa1a4244985242149a5104a9252524444
8524024849129190244992244992244992a424a524252949494a52921299
488524499224c944422221514222491455a29824492449554892a4248924
95241329444492249224498864484a219210318490240949451193484484
44444424491292a44a13221992528814228624912412404a880c49294492
0a894891888c9264920a492252a490882229910c4929441212d122222a24
222424422443520a918444445448928808498a90a4084912111111129188
88444484881011a9d290443224a510292462880811409288444448922244
4992001240424a5212499224a24422222222222212894422914844128948
229148249244114544441225118948222949922449922449224992244992
244992489224499224499224922449922449129124492249499224892449
922491482492244992482489248924912449248924499224499224221189
484422129124492249229288884849124992489224491291489224499224
499224499224894824491289442249924824128988442222499224892449
922492248924492289249148242249128944224922128944229148242222
928888882012119124118948924424494422894422914484442291482242
224922914824111189248944229148241289442291482412894422111111
894891884412914844228944224944221189241289241189442492884422
124944221189242291884412912291482222221211898844242211894844
229224894422229288244944449224254992244922492449124992248924
912449248924492249244912492249924812499244924892249244922491
249224892491244924892449224924491249224992481249924492489224
924492249124922489241111914492888848224944442491242222924812
499244922489244992244944128988442422129188484422221189884424
221291884844222211898844242212918848441249224922492291482412
492491441249249144229148242222222222222222295294a42425294949
4a522223a2224492442222c9288988249400a28810092022222289884892
241149321121121189442492884422128944229148229148249148249248
241249442291924844491289888888888888888888888888888811111111
11111111111111111111111111494488884812a522222322112222224a22
8044442291288924522443520a9184888844111111112211224400111522
a218514912111189888808294d222222259310925221440a111131924908
49a910224922222211222222121111111111111121224484888888888888
081121224444a44a232593109252214442c488449a444424931092522144
12512422024802482289882891942492223224a5100911111111910c4929
444244444424924886a4142211225644440144924886a414228588282612
492443520a91081143088914910012494489444a12491119925288848888
888864484a21122222225248221221844422444444840821928844082191
1042221122222242841089080909499252920a4900094586a41422258054
283224a510492a143149499294aa1452444a2a42922412495292a4928424
89244952499224c994424949920a494292a4249596244924250d15329200
524a29a1c890944224a950449224a490242949924208494252422a490991
0c49294442444a254995a4a450529254154a4952125252ca521249494a41
49124992885292241251529244121125999424155229513049120a120248
044b92244992249224a524494a244924495292d2922449d2244921494a94
244908499224494a9504c92429252d49929024499224095152922425a520
48524a8212252d499290244945529224942825496a2a49524b9224244952
4a494289948424492aa52549129224a92429490a2595424992a4a44a924a
929224091249428a2c49922492449544542629a24492522a499294922425
4996244902082001a424499224499244144952244b922449922449922449
9224552a559328499254924c2549d29224092949129292b44892846492a4
22c9922449922449924c49a424495249520a49a288949492240124894449
2a499224c9922449882492244524494a51156592a424494824494a124954
49922449a62449424a42922425494a52494952129224a924294952282121
04102c4992244912499252929424922492242949694992246992a420494a
924848299244124115444948922449922449aa92a4549224459224294992
a428228aa224629424495288d4240a21244a442184c4aa22492a4912a922
09499224499224495592944a92a448922425499214022110420821118210
84104204a2244909a1244992244992244992244992244992942449522249
9262922425614a92549244942949295552b2a4a44892244992a492a45055
4a9190244922119290942221499244222525291221499244222585221449
9248244744941011259124420c492222451209111189888844222549c944
9244922949a24524892452842411492492101111914422915291a4889284
240949922428a5485232212529651289442249888848444444241229a192
242925159224a9448284a44292242549524892a454489222224a4aa28248
4444254b9224a5248990822422a29225499252924448411211514a484822
224a92948288884ab22449524a920895644992a4942411a62022a22449a1
84840012c192244992249224a5242949244924495292d2922449d2244941
921451694992a49424115210519294929482922480241419925288245550
1129092055a1c890944224a9042962529224254925899448004925924c49
505292a4902424495252a484546a922ad1124902480901a44952294486a4
1422490922921629212953d1a49224294945130248112219925288144424
4921894848421291908444245590244900451215a92232491249920a9224
494a49a2a492649214249252229108910c4929441244a42880444922890a
4942922449252522499224499224499224494992a4524a52929294a42425
29c9244952522a28494a92249992a490444c2992442a22aa909408492842
44444444220a89a41a1129559290129224222449922449520a9245240a29
212949922429a920225112929224114949924422929424892422926424a6
1449a4544844444404114044480809090909090909099124492492249124
892449922449241289244949122219925288041149d24448442212499248
1229194992244924491492a42449922484481222220a29a490420a29a490
112184444208898424492a495242225282a4522689922949921449492249
124992242949492629414292882449449224519214494924294522491222
2149489224498884244922922449129194242299284929a9524592a29224
292429a1254949924229520d158988484194241212324992244992a42441
24495292888484d42449124924912488244948424a12494c499224499224
095292925a4444898828a24a4b9224a524899082884a254912694a924448
12494a9248224d49a4a22485920092122949925492246549922845844412
298422891442914622242211111412294984422285444a24924448922425
49122449a192a42249255224840012408210422849484992848848a4a224
494a4426224912892449a244624952128948224949492a49521231252549
922491489248124d9292482489242289294992a4242a82942489c8244925
2949329148222289d4882448923489922405154952422292929024492408
a4904a9244d424959494242591489248441223920c924892481048219394
94a4922411494a922425924492442292481945909224119924a924254926
124944243149d2a4940052213224a5104992242591244922894490249124
91040151509200920a929482825292241991242522419224892451929292
4822494a2a4952246290044490a4922411d5242525252525494924529248
441249c9484911a424494426492a49499229124944249149222995254922
262925252549492291249144243149a20852922422932449252949329124
9248245193445292244549aaa5244992a49524492a292529492a49922449
9224a5499292a4525229494a4a92929224294d4a12294952d2a424258994
a4a4a424294a524b92240920c9922425a92401aa91cc8f12718154be4463
fba4f06bf45fb89187f6767084925e2ca091e2d4b60100000000
